{"type": "FeatureCollection", "features": [{"type": "Feature", "geometry": {"type": "Point", "coordinates": [110.44035, -6.95837]}, "properties": {"nama": "Posyandu Mulyo Nugroho", "jenis": "clinic", "osm_id": 3955240191, "kecamatan": "Semarang Timur"}}, {"type": "Feature", "geometry": {"type": "Point", "coordinates": [110.44074, -6.99864]}, "properties": {"nama": "Klinik Saka Sasmitra", "jenis": "clinic", "osm_id": 5411538367, "kecamatan": "Gayamsari"}}, {"type": "Feature", "geometry": {"type": "Point", "coordinates": [110.442, -6.98918]}, "properties": {"nama": "Posyandu Mawar Merah", "jenis": "clinic", "osm_id": 5411902967, "kecamatan": "Gayamsari"}}, {"type": "Feature", "geometry": {"type": "Point", "coordinates": [110.42544, -7.01862]}, "properties": {"nama": "Klinik Masjid Raya Candi Lama", "jenis": "clinic", "osm_id": 5421805018, "kecamatan": "Candisari"}}, {"type": "Feature", "geometry": {"type": "Point", "coordinates": [110.41864, -7.01071]}, "properties": {"nama": "Posyandu Nusa Indah", "jenis": "clinic", "osm_id": 5428323866, "kecamatan": "Candisari"}}, {"type": "Feature", "geometry": {"type": "Point", "coordinates": [110.41434, -7.02959]}, "properties": {"nama": "Posyandu Sejahtera", "jenis": "clinic", "osm_id": 5428350715, "kecamatan": "Gajahmungkur"}}, {"type": "Feature", "geometry": {"type": "Point", "coordinates": [110.44708, -6.99497]}, "properties": {"nama": "Posyandu Husada Siwi", "jenis": "clinic", "osm_id": 5428720563, "kecamatan": "Gayamsari"}}, {"type": "Feature", "geometry": {"type": "Point", "coordinates": [110.45192, -6.99641]}, "properties": {"nama": "Posyandu Matahari dan Mekarsari", "jenis": "clinic", "osm_id": 5428720566, "kecamatan": "Gayamsari"}}, {"type": "Feature", "geometry": {"type": "Point", "coordinates": [110.43288, -6.98251]}, "properties": {"nama": "Posyandu Bahagia", "jenis": "clinic", "osm_id": 5430545749, "kecamatan": "Semarang Timur"}}, {"type": "Feature", "geometry": {"type": "Point", "coordinates": [110.43294, -6.97998]}, "properties": {"nama": "Posyandu Mekarsari", "jenis": "clinic", "osm_id": 5430545751, "kecamatan": "Semarang Timur"}}, {"type": "Feature", "geometry": {"type": "Point", "coordinates": [110.44048, -6.97954]}, "properties": {"nama": "Posyandu Lansia Bisma", "jenis": "clinic", "osm_id": 5430892369, "kecamatan": "Semarang Timur"}}, {"type": "Feature", "geometry": {"type": "Point", "coordinates": [110.41467, -6.98699]}, "properties": {"nama": "Puskesmas Pandanaran", "jenis": "clinic", "osm_id": 5430983478, "kecamatan": "Semarang Selatan"}}, {"type": "Feature", "geometry": {"type": "Point", "coordinates": [110.39073, -6.97803]}, "properties": {"nama": "Klinik Rahb Indosehat", "jenis": "clinic", "osm_id": 5438917037, "kecamatan": "Semarang Barat"}}, {"type": "Feature", "geometry": {"type": "Point", "coordinates": [110.39454, -6.98147]}, "properties": {"nama": "Klinik Nayaka Husada", "jenis": "clinic", "osm_id": 5438991689, "kecamatan": "Semarang Barat"}}, {"type": "Feature", "geometry": {"type": "Point", "coordinates": [110.39011, -6.97998]}, "properties": {"nama": "Posyandu Melati III", "jenis": "clinic", "osm_id": 5438991692, "kecamatan": "Semarang Barat"}}, {"type": "Feature", "geometry": {"type": "Point", "coordinates": [110.40399, -7.01137]}, "properties": {"nama": "Posyandu Mekar Sari", "jenis": "clinic", "osm_id": 5442371669, "kecamatan": "Gajahmungkur"}}, {"type": "Feature", "geometry": {"type": "Point", "coordinates": [110.4158, -7.0192]}, "properties": {"nama": "Posyandu RW VII", "jenis": "clinic", "osm_id": 5442629435, "kecamatan": "Gajahmungkur"}}, {"type": "Feature", "geometry": {"type": "Point", "coordinates": [110.41385, -7.01121]}, "properties": {"nama": "Posyandu Melati RW IV", "jenis": "clinic", "osm_id": 5442629438, "kecamatan": "Gajahmungkur"}}, {"type": "Feature", "geometry": {"type": "Point", "coordinates": [110.4207, -7.00286]}, "properties": {"nama": "Posyandu Cempaka", "jenis": "clinic", "osm_id": 5442652670, "kecamatan": "Candisari"}}, {"type": "Feature", "geometry": {"type": "Point", "coordinates": [110.44574, -6.97281]}, "properties": {"nama": "Klinik Mardi Saras", "jenis": "clinic", "osm_id": 5444700485, "kecamatan": "Gayamsari"}}, {"type": "Feature", "geometry": {"type": "Point", "coordinates": [110.44644, -6.96338]}, "properties": {"nama": "Posyandu Al-Maghfiroh", "jenis": "clinic", "osm_id": 5444755007, "kecamatan": "Gayamsari"}}, {"type": "Feature", "geometry": {"type": "Point", "coordinates": [110.40978, -6.98604]}, "properties": {"nama": "Klinik Pratama Yayasan Sosial Soegijapranata", "jenis": "clinic", "osm_id": 5460901213, "kecamatan": "Semarang Selatan"}}, {"type": "Feature", "geometry": {"type": "Point", "coordinates": [110.4327, -6.99476]}, "properties": {"nama": "Klinik Bangkong", "jenis": "clinic", "osm_id": 5461683958, "kecamatan": "Semarang Selatan"}}, {"type": "Feature", "geometry": {"type": "Point", "coordinates": [110.43242, -6.99868]}, "properties": {"nama": "Klinik Pratama Panti Husodo", "jenis": "clinic", "osm_id": 5461683959, "kecamatan": "Semarang Selatan"}}, {"type": "Feature", "geometry": {"type": "Point", "coordinates": [110.44877, -7.00031]}, "properties": {"nama": "Posyandu Aji Kencana", "jenis": "clinic", "osm_id": 5465906265, "kecamatan": "Gayamsari"}}, {"type": "Feature", "geometry": {"type": "Point", "coordinates": [110.3956, -7.0159]}, "properties": {"nama": "Posyandu Kenanga", "jenis": "clinic", "osm_id": 5466535898, "kecamatan": "Gajahmungkur"}}, {"type": "Feature", "geometry": {"type": "Point", "coordinates": [110.44256, -6.99414]}, "properties": {"nama": "Posyandu Cempaka", "jenis": "clinic", "osm_id": 5474465692, "kecamatan": "Gayamsari"}}, {"type": "Feature", "geometry": {"type": "Point", "coordinates": [110.43275, -6.95404]}, "properties": {"nama": "Posyandu Tunas Bhakti", "jenis": "clinic", "osm_id": 5475150781, "kecamatan": "Semarang Timur"}}, {"type": "Feature", "geometry": {"type": "Point", "coordinates": [110.43711, -6.95378]}, "properties": {"nama": "Posyandu", "jenis": "clinic", "osm_id": 5475150782, "kecamatan": "Semarang Timur"}}, {"type": "Feature", "geometry": {"type": "Point", "coordinates": [110.43735, -6.96029]}, "properties": {"nama": "Posyandu Bhakti Abadi", "jenis": "clinic", "osm_id": 5475150786, "kecamatan": "Semarang Timur"}}, {"type": "Feature", "geometry": {"type": "Point", "coordinates": [110.38919, -7.01153]}, "properties": {"nama": "Posyandu Apsari", "jenis": "clinic", "osm_id": 5479443034, "kecamatan": "Gajahmungkur"}}, {"type": "Feature", "geometry": {"type": "Point", "coordinates": [110.39113, -7.00933]}, "properties": {"nama": "Posyandu Anggraeni", "jenis": "clinic", "osm_id": 5479883572, "kecamatan": "Gajahmungkur"}}, {"type": "Feature", "geometry": {"type": "Point", "coordinates": [110.39449, -7.01034]}, "properties": {"nama": "Posyandu Puspitasari", "jenis": "clinic", "osm_id": 5479883575, "kecamatan": "Gajahmungkur"}}, {"type": "Feature", "geometry": {"type": "Point", "coordinates": [110.43002, -6.95723]}, "properties": {"nama": "Posyandu Tunas Harapan RW XI", "jenis": "clinic", "osm_id": 5481721542, "kecamatan": "Semarang Utara"}}, {"type": "Feature", "geometry": {"type": "Point", "coordinates": [110.44342, -7.01171]}, "properties": {"nama": "Posyandu Sekartanjung", "jenis": "clinic", "osm_id": 5481778594, "kecamatan": "Candisari"}}, {"type": "Feature", "geometry": {"type": "Point", "coordinates": [110.42651, -6.95853]}, "properties": {"nama": "Posyandu Warga Sejahtera RW VII", "jenis": "clinic", "osm_id": 5481893429, "kecamatan": "Semarang Utara"}}, {"type": "Feature", "geometry": {"type": "Point", "coordinates": [110.41425, -6.9803]}, "properties": {"nama": "Posyandu Tunas Harapan II", "jenis": "clinic", "osm_id": 5481949597, "kecamatan": "Semarang Tengah"}}, {"type": "Feature", "geometry": {"type": "Point", "coordinates": [110.43469, -7.01016]}, "properties": {"nama": "Posyandu Mardirahayu", "jenis": "clinic", "osm_id": 5482343902, "kecamatan": "Candisari"}}, {"type": "Feature", "geometry": {"type": "Point", "coordinates": [110.43216, -7.01271]}, "properties": {"nama": "Posyandu Tunas Kasih", "jenis": "clinic", "osm_id": 5482343903, "kecamatan": "Candisari"}}, {"type": "Feature", "geometry": {"type": "Point", "coordinates": [110.38873, -7.01993]}, "properties": {"nama": "Klinik Pratama", "jenis": "clinic", "osm_id": 5504564833, "kecamatan": "Gunungpati"}}, {"type": "Feature", "geometry": {"type": "Point", "coordinates": [110.38868, -7.01984]}, "properties": {"nama": "Klinik Aulia Fawwaz", "jenis": "clinic", "osm_id": 5504564835, "kecamatan": "Gunungpati"}}, {"type": "Feature", "geometry": {"type": "Point", "coordinates": [110.38019, -6.9964]}, "properties": {"nama": "Klinik Mardi Mulya VI", "jenis": "clinic", "osm_id": 5504786857, "kecamatan": "Semarang Barat"}}, {"type": "Feature", "geometry": {"type": "Point", "coordinates": [110.38319, -6.99139]}, "properties": {"nama": "Posyandu Balita dan Lansia Melati II", "jenis": "clinic", "osm_id": 5504786860, "kecamatan": "Semarang Barat"}}, {"type": "Feature", "geometry": {"type": "Point", "coordinates": [110.44262, -7.04383]}, "properties": {"nama": "Posyandu Bukit Bunga", "jenis": "clinic", "osm_id": 5507379246, "kecamatan": "Tembalang"}}, {"type": "Feature", "geometry": {"type": "Point", "coordinates": [110.45569, -7.00373]}, "properties": {"nama": "Posyandu Mutiara RW VI", "jenis": "clinic", "osm_id": 5509908158, "kecamatan": "Pedurungan"}}, {"type": "Feature", "geometry": {"type": "Point", "coordinates": [110.37706, -6.985]}, "properties": {"nama": "Klinik Warga Utama", "jenis": "clinic", "osm_id": 5510170571, "kecamatan": "Semarang Barat"}}, {"type": "Feature", "geometry": {"type": "Point", "coordinates": [110.45781, -7.00573]}, "properties": {"nama": "Posyandu Dahlia dan Posyandu Lansia Sedap Malam", "jenis": "clinic", "osm_id": 5513370359, "kecamatan": "Pedurungan"}}, {"type": "Feature", "geometry": {"type": "Point", "coordinates": [110.44206, -7.02025]}, "properties": {"nama": "Posyandu Balita Ku Sayang", "jenis": "clinic", "osm_id": 5526809850, "kecamatan": "Tembalang"}}, {"type": "Feature", "geometry": {"type": "Point", "coordinates": [110.3693, -6.98177]}, "properties": {"nama": "Posyandu Model Nusa Indah", "jenis": "clinic", "osm_id": 5527100829, "kecamatan": "Semarang Barat"}}, {"type": "Feature", "geometry": {"type": "Point", "coordinates": [110.43075, -6.99177]}, "properties": {"nama": "Posyandu Sedap Malam RW 03", "jenis": "clinic", "osm_id": 5530557729, "kecamatan": "Semarang Tengah"}}, {"type": "Feature", "geometry": {"type": "Point", "coordinates": [110.43071, -6.99104]}, "properties": {"nama": "Klinik Pratama", "jenis": "clinic", "osm_id": 5531799100, "kecamatan": "Semarang Tengah"}}, {"type": "Feature", "geometry": {"type": "Point", "coordinates": [110.38324, -7.06567]}, "properties": {"nama": "Posyandu Mawar 1", "jenis": "clinic", "osm_id": 5532686024, "kecamatan": "Gunungpati"}}, {"type": "Feature", "geometry": {"type": "Point", "coordinates": [110.38481, -7.05938]}, "properties": {"nama": "Posyandu Mawar 3", "jenis": "clinic", "osm_id": 5532686026, "kecamatan": "Gunungpati"}}, {"type": "Feature", "geometry": {"type": "Point", "coordinates": [110.38002, -7.06303]}, "properties": {"nama": "Posyandu Mawar 2", "jenis": "clinic", "osm_id": 5532686027, "kecamatan": "Gunungpati"}}, {"type": "Feature", "geometry": {"type": "Point", "coordinates": [110.39088, -7.06026]}, "properties": {"nama": "Posyandu Mawar 6", "jenis": "clinic", "osm_id": 5532686028, "kecamatan": "Gunungpati"}}, {"type": "Feature", "geometry": {"type": "Point", "coordinates": [110.38951, -7.06107]}, "properties": {"nama": "Posyandu Mawar 4", "jenis": "clinic", "osm_id": 5532686029, "kecamatan": "Gunungpati"}}, {"type": "Feature", "geometry": {"type": "Point", "coordinates": [110.39127, -7.06156]}, "properties": {"nama": "Posyandu Mawar 7", "jenis": "clinic", "osm_id": 5532686030, "kecamatan": "Gunungpati"}}, {"type": "Feature", "geometry": {"type": "Point", "coordinates": [110.3882, -7.0569]}, "properties": {"nama": "Posyandu Mawar 8", "jenis": "clinic", "osm_id": 5532686031, "kecamatan": "Gunungpati"}}, {"type": "Feature", "geometry": {"type": "Point", "coordinates": [110.47899, -7.01145]}, "properties": {"nama": "Posyandu Mardi Rahayu", "jenis": "clinic", "osm_id": 5533229126, "kecamatan": "Pedurungan"}}, {"type": "Feature", "geometry": {"type": "Point", "coordinates": [110.44523, -7.06598]}, "properties": {"nama": "Posyandu Cempaka", "jenis": "clinic", "osm_id": 5539211960, "kecamatan": "Tembalang"}}, {"type": "Feature", "geometry": {"type": "Point", "coordinates": [110.47323, -6.97779]}, "properties": {"nama": "Posyandu Mawar", "jenis": "clinic", "osm_id": 5544375066, "kecamatan": "Genuk"}}, {"type": "Feature", "geometry": {"type": "Point", "coordinates": [110.47188, -6.97133]}, "properties": {"nama": "Posyandu Mawar V", "jenis": "clinic", "osm_id": 5544794001, "kecamatan": "Genuk"}}, {"type": "Feature", "geometry": {"type": "Point", "coordinates": [110.38056, -7.07662]}, "properties": {"nama": "Posyandu Model Puji Lestari", "jenis": "clinic", "osm_id": 5547006382, "kecamatan": "Gunungpati"}}, {"type": "Feature", "geometry": {"type": "Point", "coordinates": [110.4115, -6.97562]}, "properties": {"nama": "Posyandu Melati I", "jenis": "clinic", "osm_id": 5547734594, "kecamatan": "Semarang Tengah"}}, {"type": "Feature", "geometry": {"type": "Point", "coordinates": [110.37744, -7.00048]}, "properties": {"nama": "Posyandu Putra Sehat", "jenis": "clinic", "osm_id": 5547760089, "kecamatan": "Semarang Barat"}}, {"type": "Feature", "geometry": {"type": "Point", "coordinates": [110.40911, -6.97795]}, "properties": {"nama": "Posyandu Melati IV", "jenis": "clinic", "osm_id": 5549775929, "kecamatan": "Semarang Tengah"}}, {"type": "Feature", "geometry": {"type": "Point", "coordinates": [110.40367, -6.9798]}, "properties": {"nama": "Esthetic Dental Clinic", "jenis": "clinic", "osm_id": 5549775960, "kecamatan": "Semarang Tengah"}}, {"type": "Feature", "geometry": {"type": "Point", "coordinates": [110.46407, -7.00087]}, "properties": {"nama": "Posyandu Soka Indah", "jenis": "clinic", "osm_id": 5552103603, "kecamatan": "Pedurungan"}}, {"type": "Feature", "geometry": {"type": "Point", "coordinates": [110.37971, -7.09239]}, "properties": {"nama": "Posyandu Asoka", "jenis": "clinic", "osm_id": 5558799787, "kecamatan": "Gunungpati"}}, {"type": "Feature", "geometry": {"type": "Point", "coordinates": [110.38692, -7.07579]}, "properties": {"nama": "Posyandu Harapan 1", "jenis": "clinic", "osm_id": 5558888895, "kecamatan": "Gunungpati"}}, {"type": "Feature", "geometry": {"type": "Point", "coordinates": [110.39205, -7.05986]}, "properties": {"nama": "Posyandu Mawar 5", "jenis": "clinic", "osm_id": 5560914347, "kecamatan": "Gunungpati"}}, {"type": "Feature", "geometry": {"type": "Point", "coordinates": [110.39998, -6.99704]}, "properties": {"nama": "Posyandu RW V", "jenis": "clinic", "osm_id": 5566012726, "kecamatan": "Semarang Barat"}}, {"type": "Feature", "geometry": {"type": "Point", "coordinates": [110.49008, -6.95495]}, "properties": {"nama": "Posyandu Cahaya Mandiri", "jenis": "clinic", "osm_id": 5566151737, "kecamatan": "Genuk"}}, {"type": "Feature", "geometry": {"type": "Point", "coordinates": [110.39124, -6.9992]}, "properties": {"nama": "Posyandu Lestari RW I", "jenis": "clinic", "osm_id": 5566155300, "kecamatan": "Semarang Barat"}}, {"type": "Feature", "geometry": {"type": "Point", "coordinates": [110.3538, -6.99753]}, "properties": {"nama": "Posyandu Bina Putra", "jenis": "clinic", "osm_id": 5566369768, "kecamatan": "Ngaliyan"}}, {"type": "Feature", "geometry": {"type": "Point", "coordinates": [110.46504, -6.9821]}, "properties": {"nama": "Posyandu RW XIV", "jenis": "clinic", "osm_id": 5566388756, "kecamatan": "Pedurungan"}}, {"type": "Feature", "geometry": {"type": "Point", "coordinates": [110.33839, -7.02006]}, "properties": {"nama": "Posyandu Jambu", "jenis": "clinic", "osm_id": 5566398334, "kecamatan": "Mijen"}}, {"type": "Feature", "geometry": {"type": "Point", "coordinates": [110.30478, -7.07203]}, "properties": {"nama": "Posyandu Dahlia", "jenis": "clinic", "osm_id": 5566407084, "kecamatan": "Mijen"}}, {"type": "Feature", "geometry": {"type": "Point", "coordinates": [110.31, -7.06636]}, "properties": {"nama": "Posyandu Dahlia 2", "jenis": "clinic", "osm_id": 5566407088, "kecamatan": "Mijen"}}, {"type": "Feature", "geometry": {"type": "Point", "coordinates": [110.45551, -6.98344]}, "properties": {"nama": "Posyandu Lansia Wijaya Kusuma", "jenis": "clinic", "osm_id": 5572520546, "kecamatan": "Pedurungan"}}, {"type": "Feature", "geometry": {"type": "Point", "coordinates": [110.46575, -7.06699]}, "properties": {"nama": "Posyandu Anggrek", "jenis": "clinic", "osm_id": 5572541485, "kecamatan": "Tembalang"}}, {"type": "Feature", "geometry": {"type": "Point", "coordinates": [110.46103, -7.07219]}, "properties": {"nama": "Posyandu Mawar", "jenis": "clinic", "osm_id": 5572541486, "kecamatan": "Tembalang"}}, {"type": "Feature", "geometry": {"type": "Point", "coordinates": [110.46317, -7.05442]}, "properties": {"nama": "Posyandu Dahlia II", "jenis": "clinic", "osm_id": 5572603179, "kecamatan": "Tembalang"}}, {"type": "Feature", "geometry": {"type": "Point", "coordinates": [110.44039, -7.06348]}, "properties": {"nama": "Posyandu Kenanga", "jenis": "clinic", "osm_id": 5573245819, "kecamatan": "Tembalang"}}, {"type": "Feature", "geometry": {"type": "Point", "coordinates": [110.46456, -7.06143]}, "properties": {"nama": "Posyandu Sekar Melati", "jenis": "clinic", "osm_id": 5574986069, "kecamatan": "Tembalang"}}, {"type": "Feature", "geometry": {"type": "Point", "coordinates": [110.46276, -7.0621]}, "properties": {"nama": "Posyandu Delima", "jenis": "clinic", "osm_id": 5574986073, "kecamatan": "Tembalang"}}, {"type": "Feature", "geometry": {"type": "Point", "coordinates": [110.46989, -7.05844]}, "properties": {"nama": "Posyandu Wijaya Kusuma", "jenis": "clinic", "osm_id": 5575035149, "kecamatan": "Tembalang"}}, {"type": "Feature", "geometry": {"type": "Point", "coordinates": [110.46424, -7.05474]}, "properties": {"nama": "Posyandu Kenanga", "jenis": "clinic", "osm_id": 5575126741, "kecamatan": "Tembalang"}}, {"type": "Feature", "geometry": {"type": "Point", "coordinates": [110.4392, -7.06663]}, "properties": {"nama": "Posyandu Balita Cempaka", "jenis": "clinic", "osm_id": 5578094673, "kecamatan": "Tembalang"}}, {"type": "Feature", "geometry": {"type": "Point", "coordinates": [110.39408, -7.04848]}, "properties": {"nama": "PUSLAKES UNNES", "jenis": "clinic", "osm_id": 5581620933, "kecamatan": "Gunungpati"}}, {"type": "Feature", "geometry": {"type": "Point", "coordinates": [110.4955, -6.96926]}, "properties": {"nama": "Posyandu Anggur", "jenis": "clinic", "osm_id": 5581831774, "kecamatan": "Genuk"}}, {"type": "Feature", "geometry": {"type": "Point", "coordinates": [110.49034, -6.96409]}, "properties": {"nama": "Posyandu Manggis", "jenis": "clinic", "osm_id": 5581831780, "kecamatan": "Genuk"}}, {"type": "Feature", "geometry": {"type": "Point", "coordinates": [110.49174, -6.96498]}, "properties": {"nama": "Posyandu Belimbing", "jenis": "clinic", "osm_id": 5581831782, "kecamatan": "Genuk"}}, {"type": "Feature", "geometry": {"type": "Point", "coordinates": [110.44876, -7.01617]}, "properties": {"nama": "Posyandu Puspita Sari", "jenis": "clinic", "osm_id": 5582053538, "kecamatan": "Tembalang"}}, {"type": "Feature", "geometry": {"type": "Point", "coordinates": [110.45264, -7.01875]}, "properties": {"nama": "Posyandu Sari Asih", "jenis": "clinic", "osm_id": 5582053543, "kecamatan": "Tembalang"}}, {"type": "Feature", "geometry": {"type": "Point", "coordinates": [110.3941, -7.09444]}, "properties": {"nama": "Posyandu Dahlia", "jenis": "clinic", "osm_id": 5582131345, "kecamatan": "Gunungpati"}}, {"type": "Feature", "geometry": {"type": "Point", "coordinates": [110.35901, -6.9885]}, "properties": {"nama": "Klinik Pratama Surya Medika", "jenis": "clinic", "osm_id": 5582145528, "kecamatan": "Ngaliyan"}}, {"type": "Feature", "geometry": {"type": "Point", "coordinates": [110.39961, -7.06655]}, "properties": {"nama": "Posyandu Dahlia RW II", "jenis": "clinic", "osm_id": 5582160580, "kecamatan": "Gunungpati"}}, {"type": "Feature", "geometry": {"type": "Point", "coordinates": [110.39296, -7.10541]}, "properties": {"nama": "Posyandu Flamboyan", "jenis": "clinic", "osm_id": 5582194759, "kecamatan": "Gunungpati"}}, {"type": "Feature", "geometry": {"type": "Point", "coordinates": [110.46812, -7.04832]}, "properties": {"nama": "Posyandu Harapan Sejahtera", "jenis": "clinic", "osm_id": 5591460119, "kecamatan": "Tembalang"}}, {"type": "Feature", "geometry": {"type": "Point", "coordinates": [110.37908, -7.08949]}, "properties": {"nama": "Klinik Pratama", "jenis": "clinic", "osm_id": 5591890195, "kecamatan": "Gunungpati"}}, {"type": "Feature", "geometry": {"type": "Point", "coordinates": [110.42766, -7.08722]}, "properties": {"nama": "Posyandu RW II", "jenis": "clinic", "osm_id": 5593905052, "kecamatan": "Banyumanik"}}, {"type": "Feature", "geometry": {"type": "Point", "coordinates": [110.45585, -7.01324]}, "properties": {"nama": "Posyandu Mekar Sari", "jenis": "clinic", "osm_id": 5595867742, "kecamatan": "Tembalang"}}, {"type": "Feature", "geometry": {"type": "Point", "coordinates": [110.45248, -7.01361]}, "properties": {"nama": "Posyandu Teratai", "jenis": "clinic", "osm_id": 5595973096, "kecamatan": "Tembalang"}}, {"type": "Feature", "geometry": {"type": "Point", "coordinates": [110.44843, -7.01091]}, "properties": {"nama": "Posyandu Delima", "jenis": "clinic", "osm_id": 5595973097, "kecamatan": "Tembalang"}}, {"type": "Feature", "geometry": {"type": "Point", "coordinates": [110.4501, -7.01123]}, "properties": {"nama": "Posyandu Lestari", "jenis": "clinic", "osm_id": 5595973100, "kecamatan": "Tembalang"}}, {"type": "Feature", "geometry": {"type": "Point", "coordinates": [110.35073, -6.99332]}, "properties": {"nama": "Klinik Mutiara Bunda", "jenis": "clinic", "osm_id": 5596021346, "kecamatan": "Ngaliyan"}}, {"type": "Feature", "geometry": {"type": "Point", "coordinates": [110.47404, -7.05362]}, "properties": {"nama": "Posyandu Asri", "jenis": "clinic", "osm_id": 5604673198, "kecamatan": "Tembalang"}}, {"type": "Feature", "geometry": {"type": "Point", "coordinates": [110.47535, -7.05214]}, "properties": {"nama": "Posyandu Melati", "jenis": "clinic", "osm_id": 5604673203, "kecamatan": "Tembalang"}}, {"type": "Feature", "geometry": {"type": "Point", "coordinates": [110.45606, -7.06565]}, "properties": {"nama": "Posyandu Mutiara Sehat", "jenis": "clinic", "osm_id": 5606494992, "kecamatan": "Tembalang"}}, {"type": "Feature", "geometry": {"type": "Point", "coordinates": [110.47141, -7.03702]}, "properties": {"nama": "Posyandu Kusuma Bunda", "jenis": "clinic", "osm_id": 5610783029, "kecamatan": "Tembalang"}}, {"type": "Feature", "geometry": {"type": "Point", "coordinates": [110.4671, -7.02751]}, "properties": {"nama": "Posyandu Mekar Sari", "jenis": "clinic", "osm_id": 5610783030, "kecamatan": "Tembalang"}}, {"type": "Feature", "geometry": {"type": "Point", "coordinates": [110.47022, -7.02933]}, "properties": {"nama": "Posyandu Balita Kuncup Mekar", "jenis": "clinic", "osm_id": 5610783038, "kecamatan": "Tembalang"}}, {"type": "Feature", "geometry": {"type": "Point", "coordinates": [110.37229, -7.08963]}, "properties": {"nama": "Posyandu Lestari 3", "jenis": "clinic", "osm_id": 5610971351, "kecamatan": "Gunungpati"}}, {"type": "Feature", "geometry": {"type": "Point", "coordinates": [110.36772, -7.08467]}, "properties": {"nama": "Posyandu Lestari 2", "jenis": "clinic", "osm_id": 5610971390, "kecamatan": "Gunungpati"}}, {"type": "Feature", "geometry": {"type": "Point", "coordinates": [110.36442, -7.08558]}, "properties": {"nama": "Posyandu Lestari 5", "jenis": "clinic", "osm_id": 5610971849, "kecamatan": "Gunungpati"}}, {"type": "Feature", "geometry": {"type": "Point", "coordinates": [110.37264, -7.10389]}, "properties": {"nama": "Posyandu Lestari 6", "jenis": "clinic", "osm_id": 5610971882, "kecamatan": "Gunungpati"}}, {"type": "Feature", "geometry": {"type": "Point", "coordinates": [110.37013, -7.10195]}, "properties": {"nama": "Posyandu Lestari 4", "jenis": "clinic", "osm_id": 5610972102, "kecamatan": "Gunungpati"}}, {"type": "Feature", "geometry": {"type": "Point", "coordinates": [110.3558, -6.98794]}, "properties": {"nama": "Posyandu Walisongo", "jenis": "clinic", "osm_id": 5611248851, "kecamatan": "Ngaliyan"}}, {"type": "Feature", "geometry": {"type": "Point", "coordinates": [110.34718, -6.98719]}, "properties": {"nama": "Posyandu Mekar Sari", "jenis": "clinic", "osm_id": 5611248985, "kecamatan": "Ngaliyan"}}, {"type": "Feature", "geometry": {"type": "Point", "coordinates": [110.35937, -6.98769]}, "properties": {"nama": "Klinik Universitas Islam Negeri Walisongo Kampus I", "jenis": "clinic", "osm_id": 5611249278, "kecamatan": "Ngaliyan"}}, {"type": "Feature", "geometry": {"type": "Point", "coordinates": [110.3576, -6.98791]}, "properties": {"nama": "Posyandu Segarini I", "jenis": "clinic", "osm_id": 5611249357, "kecamatan": "Ngaliyan"}}, {"type": "Feature", "geometry": {"type": "Point", "coordinates": [110.35829, -7.09099]}, "properties": {"nama": "Posyandu Sakura", "jenis": "clinic", "osm_id": 5611351472, "kecamatan": "Gunungpati"}}, {"type": "Feature", "geometry": {"type": "Point", "coordinates": [110.36185, -7.08892]}, "properties": {"nama": "Posyandu Mawar", "jenis": "clinic", "osm_id": 5611351474, "kecamatan": "Gunungpati"}}, {"type": "Feature", "geometry": {"type": "Point", "coordinates": [110.3535, -7.09001]}, "properties": {"nama": "Posyandu Ceplok Piring", "jenis": "clinic", "osm_id": 5611351476, "kecamatan": "Gunungpati"}}, {"type": "Feature", "geometry": {"type": "Point", "coordinates": [110.35227, -7.09268]}, "properties": {"nama": "Posyandu Flamboyan", "jenis": "clinic", "osm_id": 5611351477, "kecamatan": "Gunungpati"}}, {"type": "Feature", "geometry": {"type": "Point", "coordinates": [110.36023, -7.102]}, "properties": {"nama": "Posyandu Anggrek", "jenis": "clinic", "osm_id": 5611351479, "kecamatan": "Gunungpati"}}, {"type": "Feature", "geometry": {"type": "Point", "coordinates": [110.35589, -7.10014]}, "properties": {"nama": "Posyandu Matahari", "jenis": "clinic", "osm_id": 5611351481, "kecamatan": "Gunungpati"}}, {"type": "Feature", "geometry": {"type": "Point", "coordinates": [110.34923, -7.09188]}, "properties": {"nama": "Posyandu Kenanga", "jenis": "clinic", "osm_id": 5611351484, "kecamatan": "Gunungpati"}}, {"type": "Feature", "geometry": {"type": "Point", "coordinates": [110.36036, -7.07962]}, "properties": {"nama": "Posyandu Cempaka", "jenis": "clinic", "osm_id": 5611351489, "kecamatan": "Gunungpati"}}, {"type": "Feature", "geometry": {"type": "Point", "coordinates": [110.36259, -7.08721]}, "properties": {"nama": "Posyandu Melati", "jenis": "clinic", "osm_id": 5611351490, "kecamatan": "Gunungpati"}}, {"type": "Feature", "geometry": {"type": "Point", "coordinates": [110.40922, -7.03093]}, "properties": {"nama": "Posyandu Mugi Rahayu", "jenis": "clinic", "osm_id": 5616438960, "kecamatan": "Banyumanik"}}, {"type": "Feature", "geometry": {"type": "Point", "coordinates": [110.40993, -7.0738]}, "properties": {"nama": "Posyandu Dahlia", "jenis": "clinic", "osm_id": 5616829267, "kecamatan": "Banyumanik"}}, {"type": "Feature", "geometry": {"type": "Point", "coordinates": [110.41964, -7.07589]}, "properties": {"nama": "Klinik Syariah Ar-Ridho", "jenis": "clinic", "osm_id": 5617161758, "kecamatan": "Banyumanik"}}, {"type": "Feature", "geometry": {"type": "Point", "coordinates": [110.47597, -7.05034]}, "properties": {"nama": "Posyandu Balita Sehat", "jenis": "clinic", "osm_id": 5618887967, "kecamatan": "Tembalang"}}, {"type": "Feature", "geometry": {"type": "Point", "coordinates": [110.47256, -7.04567]}, "properties": {"nama": "Posyandu Wijaya Kusuma", "jenis": "clinic", "osm_id": 5618887970, "kecamatan": "Tembalang"}}, {"type": "Feature", "geometry": {"type": "Point", "coordinates": [110.42871, -7.03252]}, "properties": {"nama": "Posyandu Kartika Paksi", "jenis": "clinic", "osm_id": 5623648352, "kecamatan": "Banyumanik"}}, {"type": "Feature", "geometry": {"type": "Point", "coordinates": [110.42605, -7.03361]}, "properties": {"nama": "Posyandu Trisari", "jenis": "clinic", "osm_id": 5623648353, "kecamatan": "Banyumanik"}}, {"type": "Feature", "geometry": {"type": "Point", "coordinates": [110.36262, -7.04806]}, "properties": {"nama": "Posyandu", "jenis": "clinic", "osm_id": 5626026156, "kecamatan": "Gunungpati"}}, {"type": "Feature", "geometry": {"type": "Point", "coordinates": [110.46345, -6.97632]}, "properties": {"nama": "Posyandu Drajad Indah Balita II", "jenis": "clinic", "osm_id": 5626041632, "kecamatan": "Pedurungan"}}, {"type": "Feature", "geometry": {"type": "Point", "coordinates": [110.46591, -6.97717]}, "properties": {"nama": "Posyandu Suryokusumo RW 2", "jenis": "clinic", "osm_id": 5626041633, "kecamatan": "Pedurungan"}}, {"type": "Feature", "geometry": {"type": "Point", "coordinates": [110.45461, -6.9673]}, "properties": {"nama": "Posyandu Mekar Mawar", "jenis": "clinic", "osm_id": 5626143777, "kecamatan": "Pedurungan"}}, {"type": "Feature", "geometry": {"type": "Point", "coordinates": [110.35881, -7.0645]}, "properties": {"nama": "Posyandu Kenanga", "jenis": "clinic", "osm_id": 5626186353, "kecamatan": "Gunungpati"}}, {"type": "Feature", "geometry": {"type": "Point", "coordinates": [110.36552, -7.06679]}, "properties": {"nama": "Posyandu", "jenis": "clinic", "osm_id": 5626186359, "kecamatan": "Gunungpati"}}, {"type": "Feature", "geometry": {"type": "Point", "coordinates": [110.3692, -7.06734]}, "properties": {"nama": "Posyandu Puspitasari", "jenis": "clinic", "osm_id": 5626186360, "kecamatan": "Gunungpati"}}, {"type": "Feature", "geometry": {"type": "Point", "coordinates": [110.3067, -6.96909]}, "properties": {"nama": "Posyandu Aman Makmur", "jenis": "clinic", "osm_id": 5631560491, "kecamatan": "Tugu"}}, {"type": "Feature", "geometry": {"type": "Point", "coordinates": [110.31537, -6.95519]}, "properties": {"nama": "Posyandu Mekar Sari - 6B", "jenis": "clinic", "osm_id": 5631568801, "kecamatan": "Tugu"}}, {"type": "Feature", "geometry": {"type": "Point", "coordinates": [110.31542, -6.95523]}, "properties": {"nama": "Posyandu Mekar Sari - 6A", "jenis": "clinic", "osm_id": 5631568802, "kecamatan": "Tugu"}}, {"type": "Feature", "geometry": {"type": "Point", "coordinates": [110.31259, -6.95807]}, "properties": {"nama": "Posyandu Bina Sehat", "jenis": "clinic", "osm_id": 5631568821, "kecamatan": "Tugu"}}, {"type": "Feature", "geometry": {"type": "Point", "coordinates": [110.31699, -6.95462]}, "properties": {"nama": "Posyandu Kuncup Mekar", "jenis": "clinic", "osm_id": 5631568845, "kecamatan": "Tugu"}}, {"type": "Feature", "geometry": {"type": "Point", "coordinates": [110.46482, -7.02906]}, "properties": {"nama": "Posyandu Wana Asri Bumi Asri", "jenis": "clinic", "osm_id": 5631687873, "kecamatan": "Tembalang"}}, {"type": "Feature", "geometry": {"type": "Point", "coordinates": [110.35853, -7.0459]}, "properties": {"nama": "Posyandu", "jenis": "clinic", "osm_id": 5634475003, "kecamatan": "Gunungpati"}}, {"type": "Feature", "geometry": {"type": "Point", "coordinates": [110.35353, -7.04749]}, "properties": {"nama": "Posyandu", "jenis": "clinic", "osm_id": 5634475013, "kecamatan": "Gunungpati"}}, {"type": "Feature", "geometry": {"type": "Point", "coordinates": [110.35262, -7.0808]}, "properties": {"nama": "Posyandu Sukorame", "jenis": "clinic", "osm_id": 5634493710, "kecamatan": "Gunungpati"}}, {"type": "Feature", "geometry": {"type": "Point", "coordinates": [110.40277, -7.03513]}, "properties": {"nama": "Posyandu Anggrek", "jenis": "clinic", "osm_id": 5636768841, "kecamatan": "Gunungpati"}}, {"type": "Feature", "geometry": {"type": "Point", "coordinates": [110.46302, -7.02212]}, "properties": {"nama": "Klinik Mahisi Mulya", "jenis": "clinic", "osm_id": 5639235183, "kecamatan": "Tembalang"}}, {"type": "Feature", "geometry": {"type": "Point", "coordinates": [110.41064, -7.07311]}, "properties": {"nama": "Posyandu Wijaya Kusuma", "jenis": "clinic", "osm_id": 5641358603, "kecamatan": "Banyumanik"}}, {"type": "Feature", "geometry": {"type": "Point", "coordinates": [110.47129, -7.02125]}, "properties": {"nama": "Posyandu Anggrek", "jenis": "clinic", "osm_id": 5647034699, "kecamatan": "Tembalang"}}, {"type": "Feature", "geometry": {"type": "Point", "coordinates": [110.35485, -6.98475]}, "properties": {"nama": "Posyandu Arumanis", "jenis": "clinic", "osm_id": 5650851886, "kecamatan": "Ngaliyan"}}, {"type": "Feature", "geometry": {"type": "Point", "coordinates": [110.35037, -6.98897]}, "properties": {"nama": "Posyandu Melati III", "jenis": "clinic", "osm_id": 5650851917, "kecamatan": "Ngaliyan"}}, {"type": "Feature", "geometry": {"type": "Point", "coordinates": [110.32597, -7.00838]}, "properties": {"nama": "Posyandu Mawar", "jenis": "clinic", "osm_id": 5663178797, "kecamatan": "Ngaliyan"}}, {"type": "Feature", "geometry": {"type": "Point", "coordinates": [110.46574, -7.02133]}, "properties": {"nama": "Posyandu Kemuning", "jenis": "clinic", "osm_id": 5663481874, "kecamatan": "Tembalang"}}, {"type": "Feature", "geometry": {"type": "Point", "coordinates": [110.46249, -7.04186]}, "properties": {"nama": "Posyandu Asri Mandiri", "jenis": "clinic", "osm_id": 5665470331, "kecamatan": "Tembalang"}}, {"type": "Feature", "geometry": {"type": "Point", "coordinates": [110.46682, -7.0779]}, "properties": {"nama": "Posyandu Nusa Indah IX", "jenis": "clinic", "osm_id": 5665744200, "kecamatan": "Tembalang"}}, {"type": "Feature", "geometry": {"type": "Point", "coordinates": [110.30109, -7.04581]}, "properties": {"nama": "Posyandu Bougenville", "jenis": "clinic", "osm_id": 5668331658, "kecamatan": "Mijen"}}, {"type": "Feature", "geometry": {"type": "Point", "coordinates": [110.30896, -7.05615]}, "properties": {"nama": "RSI Pelayanan Medik Dasar KH Ahmad Dahlan Cabang RS Roemani", "jenis": "clinic", "osm_id": 5668331659, "kecamatan": "Mijen"}}, {"type": "Feature", "geometry": {"type": "Point", "coordinates": [110.42515, -7.07005]}, "properties": {"nama": "Posyandu Mekarsari", "jenis": "clinic", "osm_id": 5668652203, "kecamatan": "Banyumanik"}}, {"type": "Feature", "geometry": {"type": "Point", "coordinates": [110.42168, -7.07877]}, "properties": {"nama": "Klinik Pratama Buana Lefada", "jenis": "clinic", "osm_id": 5671115049, "kecamatan": "Banyumanik"}}, {"type": "Feature", "geometry": {"type": "Point", "coordinates": [110.38549, -7.01604]}, "properties": {"nama": "Posyandu Tugu Kencana I", "jenis": "clinic", "osm_id": 5672753942, "kecamatan": "Ngaliyan"}}, {"type": "Feature", "geometry": {"type": "Point", "coordinates": [110.42313, -7.05909]}, "properties": {"nama": "Posyandu Balita Ria", "jenis": "clinic", "osm_id": 5674062462, "kecamatan": "Banyumanik"}}, {"type": "Feature", "geometry": {"type": "Point", "coordinates": [110.29164, -6.97305]}, "properties": {"nama": "Posyandu Tunas Harapan II", "jenis": "clinic", "osm_id": 5674435537, "kecamatan": "Ngaliyan"}}, {"type": "Feature", "geometry": {"type": "Point", "coordinates": [110.30752, -6.9751]}, "properties": {"nama": "Posyandu Candi Indah", "jenis": "clinic", "osm_id": 5674590276, "kecamatan": "Ngaliyan"}}, {"type": "Feature", "geometry": {"type": "Point", "coordinates": [110.32685, -6.99028]}, "properties": {"nama": "Posyandu Bina Sehat", "jenis": "clinic", "osm_id": 5674683659, "kecamatan": "Ngaliyan"}}, {"type": "Feature", "geometry": {"type": "Point", "coordinates": [110.37247, -7.01098]}, "properties": {"nama": "Posyandu Taman Ceria", "jenis": "clinic", "osm_id": 5675441072, "kecamatan": "Ngaliyan"}}, {"type": "Feature", "geometry": {"type": "Point", "coordinates": [110.47338, -7.03613]}, "properties": {"nama": "Posyandu Tunas Bangsa", "jenis": "clinic", "osm_id": 5703703339, "kecamatan": "Tembalang"}}, {"type": "Feature", "geometry": {"type": "Point", "coordinates": [110.32887, -6.97888]}, "properties": {"nama": "Posyandu Melati", "jenis": "clinic", "osm_id": 5716438454, "kecamatan": "Ngaliyan"}}, {"type": "Feature", "geometry": {"type": "Point", "coordinates": [110.3245, -6.98326]}, "properties": {"nama": "Posyandu Melati Asri I", "jenis": "clinic", "osm_id": 5716438455, "kecamatan": "Ngaliyan"}}, {"type": "Feature", "geometry": {"type": "Point", "coordinates": [110.40758, -6.97799]}, "properties": {"nama": "Praktik Dokter BPJS", "jenis": "doctors", "osm_id": 7384389386, "kecamatan": "Semarang Tengah"}}, {"type": "Feature", "geometry": {"type": "Point", "coordinates": [110.47173, -7.03636]}, "properties": {"nama": "Dr Taufik Kresna & Dr Adi", "jenis": "clinic", "osm_id": 9765815790, "kecamatan": "Tembalang"}}, {"type": "Feature", "geometry": {"type": "Point", "coordinates": [110.46927, -7.0357]}, "properties": {"nama": "Drg Windarti", "jenis": "clinic", "osm_id": 9765815792, "kecamatan": "Tembalang"}}, {"type": "Feature", "geometry": {"type": "Point", "coordinates": [110.47902, -7.04352]}, "properties": {"nama": "Dr Palupi", "jenis": "doctors", "osm_id": 9766099109, "kecamatan": "Tembalang"}}, {"type": "Feature", "geometry": {"type": "Point", "coordinates": [110.45952, -7.03155]}, "properties": {"nama": "Klinik Pratama Karyosih", "jenis": "clinic", "osm_id": 9780724383, "kecamatan": "Tembalang"}}, {"type": "Feature", "geometry": {"type": "Point", "coordinates": [110.46147, -7.02341]}, "properties": {"nama": "Primaya Hospital Semarang", "jenis": "hospital", "osm_id": 9787205987, "kecamatan": "Tembalang"}}, {"type": "Feature", "geometry": {"type": "Point", "coordinates": [110.46654, -7.02505]}, "properties": {"nama": "Rumah Sakit Gigi dan Mulut UNIMUS", "jenis": "hospital", "osm_id": 9789343284, "kecamatan": "Tembalang"}}, {"type": "Feature", "geometry": {"type": "Point", "coordinates": [110.42076, -6.9856]}, "properties": {"nama": "Laboratorium Klinik Pramita Semarang", "jenis": "clinic", "osm_id": 9822261131, "kecamatan": "Semarang Tengah"}}, {"type": "Feature", "geometry": {"type": "Point", "coordinates": [110.35187, -6.99344]}, "properties": {"nama": "Bidan Hj Sri Kustinah Amd Keb", "jenis": "clinic", "osm_id": 9833047845, "kecamatan": "Ngaliyan"}}, {"type": "Feature", "geometry": {"type": "Point", "coordinates": [110.46164, -6.9551]}, "properties": {"nama": "RSI Sultan Agung Semarang", "jenis": "hospital", "osm_id": 10968096911, "kecamatan": "Genuk"}}, {"type": "Feature", "geometry": {"type": "Point", "coordinates": [110.35937, -6.98764]}, "properties": {"nama": "Klinik UIN WALISONGO", "jenis": "clinic", "osm_id": 10968175931, "kecamatan": "Ngaliyan"}}, {"type": "Feature", "geometry": {"type": "Point", "coordinates": [110.42635, -6.97822]}, "properties": {"nama": "Dokter Wibowo", "jenis": "doctors", "osm_id": 12991058801, "kecamatan": "Semarang Tengah"}}, {"type": "Feature", "geometry": {"type": "Point", "coordinates": [110.40882, -6.99342]}, "properties": {"nama": "Rumah Sakit Umum Pusat Dr. Kariadi", "jenis": "hospital", "osm_id": 155565070, "kecamatan": "Semarang Selatan"}}, {"type": "Feature", "geometry": {"type": "Point", "coordinates": [110.41066, -6.98012]}, "properties": {"nama": "Klinik Utama \"Imam Bonjol\"", "jenis": "clinic", "osm_id": 285326700, "kecamatan": "Semarang Tengah"}}, {"type": "Feature", "geometry": {"type": "Point", "coordinates": [110.4128, -6.98552]}, "properties": {"nama": "Rumah Sakit Hermina Pandanaran", "jenis": "hospital", "osm_id": 285326813, "kecamatan": "Semarang Selatan"}}, {"type": "Feature", "geometry": {"type": "Point", "coordinates": [110.38585, -6.97741]}, "properties": {"nama": "RS Samsoe Hidajat", "jenis": "hospital", "osm_id": 302600833, "kecamatan": "Semarang Barat"}}, {"type": "Feature", "geometry": {"type": "Point", "coordinates": [110.40134, -7.00649]}, "properties": {"nama": "Posyandu Mawar", "jenis": "clinic", "osm_id": 333966927, "kecamatan": "Gajahmungkur"}}, {"type": "Feature", "geometry": {"type": "Point", "coordinates": [110.39587, -7.0113]}, "properties": {"nama": "Klinik Mitra Keluarga", "jenis": "clinic", "osm_id": 334300875, "kecamatan": "Gajahmungkur"}}, {"type": "Feature", "geometry": {"type": "Point", "coordinates": [110.38794, -6.98921]}, "properties": {"nama": "Klinik Hewan Kasih Satwa", "jenis": "clinic", "osm_id": 334582608, "kecamatan": "Semarang Barat"}}, {"type": "Feature", "geometry": {"type": "Point", "coordinates": [110.3867, -6.98779]}, "properties": {"nama": "Rumah Sakit Mata Utama JEC-Candi Gisikdrono", "jenis": "hospital", "osm_id": 334603716, "kecamatan": "Semarang Barat"}}, {"type": "Feature", "geometry": {"type": "Point", "coordinates": [110.40919, -7.01789]}, "properties": {"nama": "RS Bhayangkara Akpol", "jenis": "hospital", "osm_id": 334664988, "kecamatan": "Gajahmungkur"}}, {"type": "Feature", "geometry": {"type": "Point", "coordinates": [110.36724, -6.98656]}, "properties": {"nama": "Posyandu Kuncup Mekar IV", "jenis": "clinic", "osm_id": 334864960, "kecamatan": "Semarang Barat"}}, {"type": "Feature", "geometry": {"type": "Point", "coordinates": [110.36732, -6.98828]}, "properties": {"nama": "Puskemas Purwoyoso", "jenis": "clinic", "osm_id": 334865026, "kecamatan": "Ngaliyan"}}, {"type": "Feature", "geometry": {"type": "Point", "coordinates": [110.44881, -6.99985]}, "properties": {"nama": "UPTD Puskesmas Gayamsari", "jenis": "clinic", "osm_id": 334976242, "kecamatan": "Gayamsari"}}, {"type": "Feature", "geometry": {"type": "Point", "coordinates": [110.44382, -7.0022]}, "properties": {"nama": "Balai Pengobatan Lamptera", "jenis": "clinic", "osm_id": 334988941, "kecamatan": "Semarang Selatan"}}, {"type": "Feature", "geometry": {"type": "Point", "coordinates": [110.41324, -7.02999]}, "properties": {"nama": "Klinik Karangrejo Medika", "jenis": "clinic", "osm_id": 335600442, "kecamatan": "Gajahmungkur"}}, {"type": "Feature", "geometry": {"type": "Point", "coordinates": [110.41751, -7.03212]}, "properties": {"nama": "Posyandu Anyelir", "jenis": "clinic", "osm_id": 335754284, "kecamatan": "Banyumanik"}}, {"type": "Feature", "geometry": {"type": "Point", "coordinates": [110.39091, -7.02]}, "properties": {"nama": "Posyandu Lili RW III", "jenis": "clinic", "osm_id": 335783829, "kecamatan": "Gajahmungkur"}}, {"type": "Feature", "geometry": {"type": "Point", "coordinates": [110.36947, -6.98951]}, "properties": {"nama": "Posyandu Melati RW III", "jenis": "clinic", "osm_id": 335887430, "kecamatan": "Semarang Barat"}}, {"type": "Feature", "geometry": {"type": "Point", "coordinates": [110.3886, -7.01694]}, "properties": {"nama": "Posyandu", "jenis": "clinic", "osm_id": 336865056, "kecamatan": "Gajahmungkur"}}, {"type": "Feature", "geometry": {"type": "Point", "coordinates": [110.38971, -7.01792]}, "properties": {"nama": "Posyandu RW II", "jenis": "clinic", "osm_id": 336869144, "kecamatan": "Gajahmungkur"}}, {"type": "Feature", "geometry": {"type": "Point", "coordinates": [110.38562, -6.98537]}, "properties": {"nama": "Rumah Bersalin Mardi Rahayu", "jenis": "doctors", "osm_id": 337168546, "kecamatan": "Semarang Barat"}}, {"type": "Feature", "geometry": {"type": "Point", "coordinates": [110.38937, -6.97997]}, "properties": {"nama": "Klinik Utama Ultra Medica", "jenis": "clinic", "osm_id": 337277742, "kecamatan": "Semarang Barat"}}, {"type": "Feature", "geometry": {"type": "Point", "coordinates": [110.43667, -7.00256]}, "properties": {"nama": "Klinik Puri Saras", "jenis": "clinic", "osm_id": 337633446, "kecamatan": "Semarang Selatan"}}, {"type": "Feature", "geometry": {"type": "Point", "coordinates": [110.44636, -6.9652]}, "properties": {"nama": "Puskesmas Pembantu Kaligawe", "jenis": "clinic", "osm_id": 337668565, "kecamatan": "Gayamsari"}}, {"type": "Feature", "geometry": {"type": "Point", "coordinates": [110.43584, -6.96384]}, "properties": {"nama": "Puskesmas Karangdoro", "jenis": "clinic", "osm_id": 337931946, "kecamatan": "Semarang Timur"}}, {"type": "Feature", "geometry": {"type": "Point", "coordinates": [110.39535, -6.95587]}, "properties": {"nama": "Klinik Terang Bangsa", "jenis": "clinic", "osm_id": 337946096, "kecamatan": "Semarang Barat"}}, {"type": "Feature", "geometry": {"type": "Point", "coordinates": [110.43949, -7.00682]}, "properties": {"nama": "Balai Pengobatan Mater Dei", "jenis": "clinic", "osm_id": 338277375, "kecamatan": "Semarang Selatan"}}, {"type": "Feature", "geometry": {"type": "Point", "coordinates": [110.43702, -7.00623]}, "properties": {"nama": "Klinik Ginjal & Hipertensi \"Lestasi\"", "jenis": "clinic", "osm_id": 338277634, "kecamatan": "Semarang Selatan"}}, {"type": "Feature", "geometry": {"type": "Point", "coordinates": [110.39439, -6.97492]}, "properties": {"nama": "Puskesmas Krobokan", "jenis": "clinic", "osm_id": 338299042, "kecamatan": "Semarang Barat"}}, {"type": "Feature", "geometry": {"type": "Point", "coordinates": [110.4055, -6.99526]}, "properties": {"nama": "Klinik Pratama Polrestabes Semarang", "jenis": "clinic", "osm_id": 338321550, "kecamatan": "Gajahmungkur"}}, {"type": "Feature", "geometry": {"type": "Point", "coordinates": [110.39155, -6.97276]}, "properties": {"nama": "Posyandu Mawar II", "jenis": "clinic", "osm_id": 338375683, "kecamatan": "Semarang Barat"}}, {"type": "Feature", "geometry": {"type": "Point", "coordinates": [110.39412, -6.97084]}, "properties": {"nama": "Posyandu Mawar RW 06", "jenis": "clinic", "osm_id": 338377443, "kecamatan": "Semarang Barat"}}, {"type": "Feature", "geometry": {"type": "Point", "coordinates": [110.40244, -6.99689]}, "properties": {"nama": "Posyandu Melati IV", "jenis": "clinic", "osm_id": 338454732, "kecamatan": "Gajahmungkur"}}, {"type": "Feature", "geometry": {"type": "Point", "coordinates": [110.36387, -6.98312]}, "properties": {"nama": "Posyandu RW III Mekar Sari", "jenis": "clinic", "osm_id": 338475265, "kecamatan": "Tugu"}}, {"type": "Feature", "geometry": {"type": "Point", "coordinates": [110.39539, -6.97938]}, "properties": {"nama": "Klinik Kesehatan Asa", "jenis": "doctors", "osm_id": 338785304, "kecamatan": "Semarang Barat"}}, {"type": "Feature", "geometry": {"type": "Point", "coordinates": [110.39148, -6.9775]}, "properties": {"nama": "Klinik Bimo Medika", "jenis": "clinic", "osm_id": 338786557, "kecamatan": "Semarang Barat"}}, {"type": "Feature", "geometry": {"type": "Point", "coordinates": [110.39281, -6.98048]}, "properties": {"nama": "Puskesmas Karangayu", "jenis": "clinic", "osm_id": 338786583, "kecamatan": "Semarang Barat"}}, {"type": "Feature", "geometry": {"type": "Point", "coordinates": [110.39775, -6.98295]}, "properties": {"nama": "Klinik Utama Centrum", "jenis": "clinic", "osm_id": 338843694, "kecamatan": "Semarang Barat"}}, {"type": "Feature", "geometry": {"type": "Point", "coordinates": [110.39775, -6.98287]}, "properties": {"nama": "Laboratorium Klinik Medika", "jenis": "clinic", "osm_id": 338844246, "kecamatan": "Semarang Barat"}}, {"type": "Feature", "geometry": {"type": "Point", "coordinates": [110.39756, -6.98535]}, "properties": {"nama": "Klinik Mitra Kita", "jenis": "clinic", "osm_id": 338844434, "kecamatan": "Semarang Barat"}}, {"type": "Feature", "geometry": {"type": "Point", "coordinates": [110.37936, -6.99385]}, "properties": {"nama": "Puskesmas Lebdosari", "jenis": "clinic", "osm_id": 338970971, "kecamatan": "Semarang Barat"}}, {"type": "Feature", "geometry": {"type": "Point", "coordinates": [110.41039, -6.99533]}, "properties": {"nama": "Klinik Pratama", "jenis": "clinic", "osm_id": 338997175, "kecamatan": "Semarang Selatan"}}, {"type": "Feature", "geometry": {"type": "Point", "coordinates": [110.41068, -6.99716]}, "properties": {"nama": "Posyandu Seruni", "jenis": "clinic", "osm_id": 338997354, "kecamatan": "Gajahmungkur"}}, {"type": "Feature", "geometry": {"type": "Point", "coordinates": [110.38518, -6.99214]}, "properties": {"nama": "Puskesmas Pembantu Gisikdrono", "jenis": "clinic", "osm_id": 339099888, "kecamatan": "Semarang Barat"}}, {"type": "Feature", "geometry": {"type": "Point", "coordinates": [110.4092, -6.98149]}, "properties": {"nama": "Poliklinik Dian Nuswantoro", "jenis": "clinic", "osm_id": 339297825, "kecamatan": "Semarang Tengah"}}, {"type": "Feature", "geometry": {"type": "Point", "coordinates": [110.43323, -6.99447]}, "properties": {"nama": "Rumah sakit Ibu Anak Bunda", "jenis": "hospital", "osm_id": 339310742, "kecamatan": "Semarang Selatan"}}, {"type": "Feature", "geometry": {"type": "Point", "coordinates": [110.4298, -6.99299]}, "properties": {"nama": "Klinik Mata Nusantara", "jenis": "clinic", "osm_id": 339311477, "kecamatan": "Semarang Selatan"}}, {"type": "Feature", "geometry": {"type": "Point", "coordinates": [110.40087, -6.99734]}, "properties": {"nama": "Posyandu Rahayu RW VIII", "jenis": "clinic", "osm_id": 339320195, "kecamatan": "Semarang Barat"}}, {"type": "Feature", "geometry": {"type": "Point", "coordinates": [110.39628, -6.9988]}, "properties": {"nama": "Klinik Setia Husada", "jenis": "clinic", "osm_id": 339442917, "kecamatan": "Semarang Barat"}}, {"type": "Feature", "geometry": {"type": "Point", "coordinates": [110.4082, -6.97552]}, "properties": {"nama": "Posyandu Lansia Srikandi", "jenis": "clinic", "osm_id": 339566521, "kecamatan": "Semarang Utara"}}, {"type": "Feature", "geometry": {"type": "Point", "coordinates": [110.39377, -7.00028]}, "properties": {"nama": "Posyandu Langgeng RW III", "jenis": "clinic", "osm_id": 339572378, "kecamatan": "Semarang Barat"}}, {"type": "Feature", "geometry": {"type": "Point", "coordinates": [110.39322, -7.00074]}, "properties": {"nama": "Puskesmas Ngemplak Simongan", "jenis": "clinic", "osm_id": 339572638, "kecamatan": "Semarang Barat"}}, {"type": "Feature", "geometry": {"type": "Point", "coordinates": [110.41072, -6.97949]}, "properties": {"nama": "Klinik IBL", "jenis": "clinic", "osm_id": 339579270, "kecamatan": "Semarang Tengah"}}, {"type": "Feature", "geometry": {"type": "Point", "coordinates": [110.37938, -7.00574]}, "properties": {"nama": "Puskesmas Manyaran", "jenis": "clinic", "osm_id": 339596125, "kecamatan": "Semarang Barat"}}, {"type": "Feature", "geometry": {"type": "Point", "coordinates": [110.43401, -6.99904]}, "properties": {"nama": "Siloam Hospitals Semarang", "jenis": "hospital", "osm_id": 339610690, "kecamatan": "Semarang Selatan"}}, {"type": "Feature", "geometry": {"type": "Point", "coordinates": [110.43427, -7.0008]}, "properties": {"nama": "Balai Pengobatan Bethesda", "jenis": "clinic", "osm_id": 339611854, "kecamatan": "Semarang Selatan"}}, {"type": "Feature", "geometry": {"type": "Point", "coordinates": [110.40805, -6.97482]}, "properties": {"nama": "Balai Posyandu RT 05 RW 01", "jenis": "clinic", "osm_id": 339673052, "kecamatan": "Semarang Utara"}}, {"type": "Feature", "geometry": {"type": "Point", "coordinates": [110.40773, -6.97296]}, "properties": {"nama": "Posyandu Tunas Mekar II", "jenis": "clinic", "osm_id": 339673071, "kecamatan": "Semarang Utara"}}, {"type": "Feature", "geometry": {"type": "Point", "coordinates": [110.40851, -6.97191]}, "properties": {"nama": "Dr Sri Ellyani Sp KK", "jenis": "clinic", "osm_id": 339678687, "kecamatan": "Semarang Utara"}}, {"type": "Feature", "geometry": {"type": "Point", "coordinates": [110.40717, -6.97029]}, "properties": {"nama": "Posyandu Tunas Mekar III pos 1 rw 3", "jenis": "clinic", "osm_id": 339678900, "kecamatan": "Semarang Utara"}}, {"type": "Feature", "geometry": {"type": "Point", "coordinates": [110.37755, -7.00875]}, "properties": {"nama": "Klinik Kita", "jenis": "clinic", "osm_id": 339693498, "kecamatan": "Ngaliyan"}}, {"type": "Feature", "geometry": {"type": "Point", "coordinates": [110.44819, -6.97111]}, "properties": {"nama": "Posyandu Mawar Indah", "jenis": "clinic", "osm_id": 339740900, "kecamatan": "Gayamsari"}}, {"type": "Feature", "geometry": {"type": "Point", "coordinates": [110.44559, -6.9724]}, "properties": {"nama": "Posyandu Mekar Melati", "jenis": "clinic", "osm_id": 339741157, "kecamatan": "Gayamsari"}}, {"type": "Feature", "geometry": {"type": "Point", "coordinates": [110.3804, -7.012]}, "properties": {"nama": "Klinik Kembangarum Medica", "jenis": "clinic", "osm_id": 339770639, "kecamatan": "Ngaliyan"}}, {"type": "Feature", "geometry": {"type": "Point", "coordinates": [110.40698, -6.96584]}, "properties": {"nama": "Puskesmas Pembantu Panggung", "jenis": "clinic", "osm_id": 339899400, "kecamatan": "Semarang Utara"}}, {"type": "Feature", "geometry": {"type": "Point", "coordinates": [110.38539, -7.0117]}, "properties": {"nama": "Puskesmas Pembantu Manyaran", "jenis": "clinic", "osm_id": 339940919, "kecamatan": "Semarang Barat"}}, {"type": "Feature", "geometry": {"type": "Point", "coordinates": [110.38556, -7.01136]}, "properties": {"nama": "Posyandu Kenanga Sari RW VII", "jenis": "clinic", "osm_id": 339941082, "kecamatan": "Semarang Barat"}}, {"type": "Feature", "geometry": {"type": "Point", "coordinates": [110.42261, -7.02842]}, "properties": {"nama": "Klinik Pratama PPKI", "jenis": "clinic", "osm_id": 340291438, "kecamatan": "Candisari"}}, {"type": "Feature", "geometry": {"type": "Point", "coordinates": [110.41832, -7.02712]}, "properties": {"nama": "Elty Clinic Gajahmungkur", "jenis": "clinic", "osm_id": 340291470, "kecamatan": "Gajahmungkur"}}, {"type": "Feature", "geometry": {"type": "Point", "coordinates": [110.45044, -7.01367]}, "properties": {"nama": "Klinik Brimedika", "jenis": "clinic", "osm_id": 340326065, "kecamatan": "Tembalang"}}, {"type": "Feature", "geometry": {"type": "Point", "coordinates": [110.40252, -6.97834]}, "properties": {"nama": "Posyandu Melati VI", "jenis": "clinic", "osm_id": 340550190, "kecamatan": "Semarang Tengah"}}, {"type": "Feature", "geometry": {"type": "Point", "coordinates": [110.40507, -6.9791]}, "properties": {"nama": "Ocito Laboratorium Klinik & Klinik Danastri", "jenis": "clinic", "osm_id": 340550329, "kecamatan": "Semarang Tengah"}}, {"type": "Feature", "geometry": {"type": "Point", "coordinates": [110.4285, -7.02913]}, "properties": {"nama": "Klinik Medika Utama", "jenis": "clinic", "osm_id": 340781075, "kecamatan": "Candisari"}}, {"type": "Feature", "geometry": {"type": "Point", "coordinates": [110.42757, -7.0266]}, "properties": {"nama": "Puskesmas Pembantu Jangli", "jenis": "clinic", "osm_id": 340781247, "kecamatan": "Candisari"}}, {"type": "Feature", "geometry": {"type": "Point", "coordinates": [110.3904, -6.99777]}, "properties": {"nama": "Klinik Pratama", "jenis": "clinic", "osm_id": 341150303, "kecamatan": "Semarang Barat"}}, {"type": "Feature", "geometry": {"type": "Point", "coordinates": [110.37381, -6.98544]}, "properties": {"nama": "Klinik Pratama Srikandi", "jenis": "clinic", "osm_id": 341364301, "kecamatan": "Semarang Barat"}}, {"type": "Feature", "geometry": {"type": "Point", "coordinates": [110.36879, -6.98598]}, "properties": {"nama": "Posko Covid-19", "jenis": "clinic", "osm_id": 341364325, "kecamatan": "Semarang Barat"}}, {"type": "Feature", "geometry": {"type": "Point", "coordinates": [110.36892, -6.98584]}, "properties": {"nama": "Posyandu Lansia dan Balita", "jenis": "clinic", "osm_id": 341364494, "kecamatan": "Semarang Barat"}}, {"type": "Feature", "geometry": {"type": "Point", "coordinates": [110.41645, -6.95788]}, "properties": {"nama": "Posyandu Tunas Bangsa", "jenis": "clinic", "osm_id": 341368061, "kecamatan": "Semarang Utara"}}, {"type": "Feature", "geometry": {"type": "Point", "coordinates": [110.43857, -6.94604]}, "properties": {"nama": "Posyandu Mawar Melati", "jenis": "clinic", "osm_id": 341401441, "kecamatan": "Semarang Utara"}}, {"type": "Feature", "geometry": {"type": "Point", "coordinates": [110.43726, -6.94501]}, "properties": {"nama": "Posyandu Cempaka", "jenis": "clinic", "osm_id": 341409566, "kecamatan": "Semarang Utara"}}, {"type": "Feature", "geometry": {"type": "Point", "coordinates": [110.39805, -6.98081]}, "properties": {"nama": "Laboratorium Klinik Prodia", "jenis": "clinic", "osm_id": 341545682, "kecamatan": "Semarang Barat"}}, {"type": "Feature", "geometry": {"type": "Point", "coordinates": [110.40045, -6.97983]}, "properties": {"nama": "Klinik Pratama Dampit Medika", "jenis": "clinic", "osm_id": 341565423, "kecamatan": "Semarang Barat"}}, {"type": "Feature", "geometry": {"type": "Point", "coordinates": [110.39986, -6.9755]}, "properties": {"nama": "Posyandu Melati 4", "jenis": "clinic", "osm_id": 341686055, "kecamatan": "Semarang Barat"}}, {"type": "Feature", "geometry": {"type": "Point", "coordinates": [110.44368, -7.01133]}, "properties": {"nama": "Klinik 24 Jam Mardi Mulya IV", "jenis": "clinic", "osm_id": 341723712, "kecamatan": "Candisari"}}, {"type": "Feature", "geometry": {"type": "Point", "coordinates": [110.44185, -7.01109]}, "properties": {"nama": "Posyandu Wijaya Kusuma", "jenis": "clinic", "osm_id": 341725209, "kecamatan": "Candisari"}}, {"type": "Feature", "geometry": {"type": "Point", "coordinates": [110.42967, -6.95604]}, "properties": {"nama": "Posyandu Tunas Muda", "jenis": "clinic", "osm_id": 341774079, "kecamatan": "Semarang Utara"}}, {"type": "Feature", "geometry": {"type": "Point", "coordinates": [110.40365, -6.96672]}, "properties": {"nama": "Posyandu Melati Indah 1", "jenis": "clinic", "osm_id": 341966813, "kecamatan": "Semarang Utara"}}, {"type": "Feature", "geometry": {"type": "Point", "coordinates": [110.44023, -6.97379]}, "properties": {"nama": "Puskesmas Bugangan", "jenis": "clinic", "osm_id": 341976358, "kecamatan": "Semarang Timur"}}, {"type": "Feature", "geometry": {"type": "Point", "coordinates": [110.41896, -6.95685]}, "properties": {"nama": "Puskesmas Pembantu Dadapsari", "jenis": "clinic", "osm_id": 341988912, "kecamatan": "Semarang Utara"}}, {"type": "Feature", "geometry": {"type": "Point", "coordinates": [110.43975, -6.97667]}, "properties": {"nama": "Posyandu Putra Setia", "jenis": "clinic", "osm_id": 342002608, "kecamatan": "Semarang Timur"}}, {"type": "Feature", "geometry": {"type": "Point", "coordinates": [110.43013, -6.96353]}, "properties": {"nama": "Posyandu Wahana Sari", "jenis": "clinic", "osm_id": 342060103, "kecamatan": "Semarang Utara"}}, {"type": "Feature", "geometry": {"type": "Point", "coordinates": [110.42262, -7.02147]}, "properties": {"nama": "Klinik Cavita Medika", "jenis": "clinic", "osm_id": 342078137, "kecamatan": "Candisari"}}, {"type": "Feature", "geometry": {"type": "Point", "coordinates": [110.40683, -6.97505]}, "properties": {"nama": "Puskesmas Bulu Lor", "jenis": "clinic", "osm_id": 342159537, "kecamatan": "Semarang Utara"}}, {"type": "Feature", "geometry": {"type": "Point", "coordinates": [110.42294, -7.00508]}, "properties": {"nama": "Puskesmas Pembantu Tegalasari", "jenis": "clinic", "osm_id": 342266114, "kecamatan": "Candisari"}}, {"type": "Feature", "geometry": {"type": "Point", "coordinates": [110.42352, -7.0047]}, "properties": {"nama": "Posyandu Mawar Merah", "jenis": "clinic", "osm_id": 342266245, "kecamatan": "Candisari"}}, {"type": "Feature", "geometry": {"type": "Point", "coordinates": [110.43128, -7.00459]}, "properties": {"nama": "Cosmedic Clinic of Allergy", "jenis": "clinic", "osm_id": 342501944, "kecamatan": "Semarang Selatan"}}, {"type": "Feature", "geometry": {"type": "Point", "coordinates": [110.42168, -6.96223]}, "properties": {"nama": "Posyandu Lestari", "jenis": "clinic", "osm_id": 342520187, "kecamatan": "Semarang Utara"}}, {"type": "Feature", "geometry": {"type": "Point", "coordinates": [110.41626, -6.98157]}, "properties": {"nama": "Posyandu Tunas Harapan I", "jenis": "clinic", "osm_id": 342555042, "kecamatan": "Semarang Tengah"}}, {"type": "Feature", "geometry": {"type": "Point", "coordinates": [110.41617, -6.98244]}, "properties": {"nama": "Posyandu Dahlia", "jenis": "clinic", "osm_id": 342555604, "kecamatan": "Semarang Tengah"}}, {"type": "Feature", "geometry": {"type": "Point", "coordinates": [110.43779, -6.96734]}, "properties": {"nama": "Posyandu Melati Putih", "jenis": "clinic", "osm_id": 342662829, "kecamatan": "Semarang Timur"}}, {"type": "Feature", "geometry": {"type": "Point", "coordinates": [110.41722, -6.9609]}, "properties": {"nama": "Puskesmas Pembantu Kuningan", "jenis": "clinic", "osm_id": 342667252, "kecamatan": "Semarang Utara"}}, {"type": "Feature", "geometry": {"type": "Point", "coordinates": [110.419, -6.98386]}, "properties": {"nama": "Puskesmas Miroto", "jenis": "clinic", "osm_id": 342668661, "kecamatan": "Semarang Tengah"}}, {"type": "Feature", "geometry": {"type": "Point", "coordinates": [110.41859, -6.98589]}, "properties": {"nama": "Klinik Utama Permata", "jenis": "clinic", "osm_id": 342669068, "kecamatan": "Semarang Tengah"}}, {"type": "Feature", "geometry": {"type": "Point", "coordinates": [110.42234, -6.98417]}, "properties": {"nama": "ZAP Clinic - Semarang", "jenis": "clinic", "osm_id": 342679677, "kecamatan": "Semarang Tengah"}}, {"type": "Feature", "geometry": {"type": "Point", "coordinates": [110.41656, -6.97239]}, "properties": {"nama": "Klinik Mediska Semarang", "jenis": "clinic", "osm_id": 342695709, "kecamatan": "Semarang Utara"}}, {"type": "Feature", "geometry": {"type": "Point", "coordinates": [110.4146, -6.97389]}, "properties": {"nama": "Puskesmas Poncol", "jenis": "clinic", "osm_id": 342695899, "kecamatan": "Semarang Utara"}}, {"type": "Feature", "geometry": {"type": "Point", "coordinates": [110.42548, -6.98719]}, "properties": {"nama": "Posyandu Anggrek Kencana", "jenis": "clinic", "osm_id": 342725783, "kecamatan": "Semarang Tengah"}}, {"type": "Feature", "geometry": {"type": "Point", "coordinates": [110.42554, -6.98937]}, "properties": {"nama": "Klinik Utama Mediatama", "jenis": "clinic", "osm_id": 342726000, "kecamatan": "Semarang Tengah"}}, {"type": "Feature", "geometry": {"type": "Point", "coordinates": [110.41442, -6.96678]}, "properties": {"nama": "Klinik Pratama Ngurus Waras Umum dan bersalin", "jenis": "clinic", "osm_id": 342756888, "kecamatan": "Semarang Utara"}}, {"type": "Feature", "geometry": {"type": "Point", "coordinates": [110.41495, -6.9682]}, "properties": {"nama": "Posyandu Melati", "jenis": "clinic", "osm_id": 342780888, "kecamatan": "Semarang Utara"}}, {"type": "Feature", "geometry": {"type": "Point", "coordinates": [110.41335, -6.96647]}, "properties": {"nama": "Klinik Kumala Medika", "jenis": "clinic", "osm_id": 342781265, "kecamatan": "Semarang Utara"}}, {"type": "Feature", "geometry": {"type": "Point", "coordinates": [110.41833, -6.96698]}, "properties": {"nama": "Posyandu Tunas Jaya", "jenis": "clinic", "osm_id": 343273812, "kecamatan": "Semarang Utara"}}, {"type": "Feature", "geometry": {"type": "Point", "coordinates": [110.4194, -6.96802]}, "properties": {"nama": "Rumah Bersalin Annisa", "jenis": "clinic", "osm_id": 343283804, "kecamatan": "Semarang Utara"}}, {"type": "Feature", "geometry": {"type": "Point", "coordinates": [110.42877, -6.97798]}, "properties": {"nama": "Balai Pengobatan Umum Kapuran", "jenis": "clinic", "osm_id": 344443054, "kecamatan": "Semarang Tengah"}}, {"type": "Feature", "geometry": {"type": "Point", "coordinates": [110.42971, -6.9804]}, "properties": {"nama": "Pelayanan Kesehatan Siloam", "jenis": "clinic", "osm_id": 344443136, "kecamatan": "Semarang Tengah"}}, {"type": "Feature", "geometry": {"type": "Point", "coordinates": [110.4195, -6.97098]}, "properties": {"nama": "Klinik Pratama", "jenis": "clinic", "osm_id": 344450229, "kecamatan": "Semarang Utara"}}, {"type": "Feature", "geometry": {"type": "Point", "coordinates": [110.43182, -6.96891]}, "properties": {"nama": "Posyandu", "jenis": "clinic", "osm_id": 344746594, "kecamatan": "Semarang Timur"}}, {"type": "Feature", "geometry": {"type": "Point", "coordinates": [110.35139, -6.9804]}, "properties": {"nama": "Posyandu Nusa Indah I", "jenis": "clinic", "osm_id": 365474774, "kecamatan": "Tugu"}}, {"type": "Feature", "geometry": {"type": "Point", "coordinates": [110.42149, -7.04873]}, "properties": {"nama": "Klinik Pratama Setiabudi", "jenis": "clinic", "osm_id": 374905754, "kecamatan": "Banyumanik"}}, {"type": "Feature", "geometry": {"type": "Point", "coordinates": [110.44036, -6.96021]}, "properties": {"nama": "Klinik Pratama Dwi Puspita", "jenis": "clinic", "osm_id": 395015895, "kecamatan": "Semarang Timur"}}, {"type": "Feature", "geometry": {"type": "Point", "coordinates": [110.35729, -6.98408]}, "properties": {"nama": "Posyandu Anggrek", "jenis": "clinic", "osm_id": 395019262, "kecamatan": "Tugu"}}, {"type": "Feature", "geometry": {"type": "Point", "coordinates": [110.36538, -7.06167]}, "properties": {"nama": "Puskesmas Pembantu Pongangan", "jenis": "clinic", "osm_id": 395023990, "kecamatan": "Gunungpati"}}, {"type": "Feature", "geometry": {"type": "Point", "coordinates": [110.35589, -7.06121]}, "properties": {"nama": "Posyandu Cempaka", "jenis": "clinic", "osm_id": 395222598, "kecamatan": "Gunungpati"}}, {"type": "Feature", "geometry": {"type": "Point", "coordinates": [110.3935, -7.05194]}, "properties": {"nama": "Puskesmas Sekaran", "jenis": "clinic", "osm_id": 500070683, "kecamatan": "Gunungpati"}}, {"type": "Feature", "geometry": {"type": "Point", "coordinates": [110.46889, -7.03043]}, "properties": {"nama": "Poliklinik Sendangmulyo", "jenis": "clinic", "osm_id": 505145292, "kecamatan": "Tembalang"}}, {"type": "Feature", "geometry": {"type": "Point", "coordinates": [110.3852, -7.03358]}, "properties": {"nama": "Posyandu Anyelir", "jenis": "clinic", "osm_id": 505397635, "kecamatan": "Gunungpati"}}, {"type": "Feature", "geometry": {"type": "Point", "coordinates": [110.37398, -7.02106]}, "properties": {"nama": "Rumah Sakit Permata Sari", "jenis": "hospital", "osm_id": 505681200, "kecamatan": "Gunungpati"}}, {"type": "Feature", "geometry": {"type": "Point", "coordinates": [110.46768, -7.01737]}, "properties": {"nama": "Posyandu Pandanwangi", "jenis": "clinic", "osm_id": 505872357, "kecamatan": "Tembalang"}}, {"type": "Feature", "geometry": {"type": "Point", "coordinates": [110.40979, -7.10682]}, "properties": {"nama": "Posyandu Waskitha", "jenis": "clinic", "osm_id": 506328458, "kecamatan": "Banyumanik"}}, {"type": "Feature", "geometry": {"type": "Point", "coordinates": [110.42711, -7.06738]}, "properties": {"nama": "Klinik Gigi Nadira Tusam", "jenis": "clinic", "osm_id": 506592801, "kecamatan": "Banyumanik"}}, {"type": "Feature", "geometry": {"type": "Point", "coordinates": [110.48919, -7.00169]}, "properties": {"nama": "Posyandu Dewi Mulyo", "jenis": "clinic", "osm_id": 509181426, "kecamatan": "Pedurungan"}}, {"type": "Feature", "geometry": {"type": "Point", "coordinates": [110.40055, -7.0027]}, "properties": {"nama": "Klinik Umum Dan Gigi Satmoko", "jenis": "clinic", "osm_id": 510839452, "kecamatan": "Gajahmungkur"}}, {"type": "Feature", "geometry": {"type": "Point", "coordinates": [110.46482, -6.97835]}, "properties": {"nama": "Puskesmas Pembantu Multiharjo Kidul", "jenis": "clinic", "osm_id": 530578020, "kecamatan": "Pedurungan"}}, {"type": "Feature", "geometry": {"type": "Point", "coordinates": [110.46197, -6.98661]}, "properties": {"nama": "Posyandu Wahyu Ratih RW XXI", "jenis": "clinic", "osm_id": 530854484, "kecamatan": "Pedurungan"}}, {"type": "Feature", "geometry": {"type": "Point", "coordinates": [110.46092, -6.9865]}, "properties": {"nama": "Puskesmas Pembantu Ratu Ratih", "jenis": "clinic", "osm_id": 530854511, "kecamatan": "Pedurungan"}}, {"type": "Feature", "geometry": {"type": "Point", "coordinates": [110.46311, -6.96387]}, "properties": {"nama": "Posyandu Melati", "jenis": "clinic", "osm_id": 535278290, "kecamatan": "Genuk"}}, {"type": "Feature", "geometry": {"type": "Point", "coordinates": [110.4068, -6.99613]}, "properties": {"nama": "RSIA Gunung Sawo", "jenis": "hospital", "osm_id": 558679092, "kecamatan": "Gajahmungkur"}}, {"type": "Feature", "geometry": {"type": "Point", "coordinates": [110.4098, -7.01205]}, "properties": {"nama": "Puskesmas Pembantu Gajahmungkur", "jenis": "clinic", "osm_id": 558681305, "kecamatan": "Gajahmungkur"}}, {"type": "Feature", "geometry": {"type": "Point", "coordinates": [110.41257, -6.9976]}, "properties": {"nama": "Posyandu Kembang Sepatu", "jenis": "clinic", "osm_id": 558956467, "kecamatan": "Gajahmungkur"}}, {"type": "Feature", "geometry": {"type": "Point", "coordinates": [110.41189, -7.05978]}, "properties": {"nama": "Klinik Pratama Ruby Medika", "jenis": "clinic", "osm_id": 558961779, "kecamatan": "Banyumanik"}}, {"type": "Feature", "geometry": {"type": "Point", "coordinates": [110.43781, -6.99487]}, "properties": {"nama": "Puskesmas Halmahera", "jenis": "clinic", "osm_id": 558971689, "kecamatan": "Semarang Timur"}}, {"type": "Feature", "geometry": {"type": "Point", "coordinates": [110.36675, -7.00263]}, "properties": {"nama": "Poliklinik Brimob Pasadena", "jenis": "clinic", "osm_id": 559043811, "kecamatan": "Ngaliyan"}}, {"type": "Feature", "geometry": {"type": "Point", "coordinates": [110.45043, -6.98584]}, "properties": {"nama": "Puskesmas Pembantu Siwalan", "jenis": "clinic", "osm_id": 559645449, "kecamatan": "Gayamsari"}}, {"type": "Feature", "geometry": {"type": "Point", "coordinates": [110.44521, -6.99976]}, "properties": {"nama": "Balai Pelayanan Kesehatan Klinik Hewan", "jenis": "clinic", "osm_id": 559648952, "kecamatan": "Gayamsari"}}, {"type": "Feature", "geometry": {"type": "Point", "coordinates": [110.31041, -7.02136]}, "properties": {"nama": "Puskesmas Pembantu & Posyandu Dahlia I", "jenis": "clinic", "osm_id": 559693492, "kecamatan": "Mijen"}}, {"type": "Feature", "geometry": {"type": "Point", "coordinates": [110.43975, -6.99936]}, "properties": {"nama": "Posyandu Mekarsari RW II", "jenis": "clinic", "osm_id": 559700963, "kecamatan": null}}, {"type": "Feature", "geometry": {"type": "Point", "coordinates": [110.43771, -6.964]}, "properties": {"nama": "Posyandu RW VII", "jenis": "clinic", "osm_id": 559965045, "kecamatan": "Semarang Timur"}}, {"type": "Feature", "geometry": {"type": "Point", "coordinates": [110.39379, -7.01611]}, "properties": {"nama": "Puskesmas Pegandan", "jenis": "clinic", "osm_id": 559967836, "kecamatan": "Gajahmungkur"}}, {"type": "Feature", "geometry": {"type": "Point", "coordinates": [110.38723, -7.02731]}, "properties": {"nama": "Posyandu RW 06", "jenis": "clinic", "osm_id": 559973894, "kecamatan": "Gunungpati"}}, {"type": "Feature", "geometry": {"type": "Point", "coordinates": [110.43732, -7.00519]}, "properties": {"nama": "Klinik RBG Rumah Zakat", "jenis": "clinic", "osm_id": 560021311, "kecamatan": "Semarang Selatan"}}, {"type": "Feature", "geometry": {"type": "Point", "coordinates": [110.40896, -7.00205]}, "properties": {"nama": "Posyandu Mawar", "jenis": "clinic", "osm_id": 561143313, "kecamatan": "Gajahmungkur"}}, {"type": "Feature", "geometry": {"type": "Point", "coordinates": [110.41615, -6.98195]}, "properties": {"nama": "Posyandu", "jenis": "clinic", "osm_id": 561147691, "kecamatan": "Semarang Tengah"}}, {"type": "Feature", "geometry": {"type": "Point", "coordinates": [110.44363, -7.0006]}, "properties": {"nama": "Posyandu Riniasih 01", "jenis": "clinic", "osm_id": 561158320, "kecamatan": "Gayamsari"}}, {"type": "Feature", "geometry": {"type": "Point", "coordinates": [110.41421, -7.00389]}, "properties": {"nama": "Posyandu Mawar", "jenis": "clinic", "osm_id": 561162049, "kecamatan": "Gajahmungkur"}}, {"type": "Feature", "geometry": {"type": "Point", "coordinates": [110.42256, -6.96479]}, "properties": {"nama": "Puskesmas Bandarharjo", "jenis": "clinic", "osm_id": 561172851, "kecamatan": "Semarang Utara"}}, {"type": "Feature", "geometry": {"type": "Point", "coordinates": [110.42112, -7.03305]}, "properties": {"nama": "Posyandu Jatiluhur Makmur", "jenis": "clinic", "osm_id": 561201539, "kecamatan": "Banyumanik"}}, {"type": "Feature", "geometry": {"type": "Point", "coordinates": [110.41609, -7.03235]}, "properties": {"nama": "Posyandu Mawar", "jenis": "clinic", "osm_id": 561216328, "kecamatan": "Banyumanik"}}, {"type": "Feature", "geometry": {"type": "Point", "coordinates": [110.39803, -6.98239]}, "properties": {"nama": "Posyandu Kelurahan Cabean", "jenis": "clinic", "osm_id": 561400448, "kecamatan": "Semarang Barat"}}, {"type": "Feature", "geometry": {"type": "Point", "coordinates": [110.41812, -7.01]}, "properties": {"nama": "Klinik Dr Hapsari", "jenis": "clinic", "osm_id": 561402264, "kecamatan": "Candisari"}}, {"type": "Feature", "geometry": {"type": "Point", "coordinates": [110.42305, -7.02034]}, "properties": {"nama": "Posyandu Teratai RW II", "jenis": "clinic", "osm_id": 562389963, "kecamatan": "Candisari"}}, {"type": "Feature", "geometry": {"type": "Point", "coordinates": [110.40766, -6.98677]}, "properties": {"nama": "Rumah Sakit Bhakti Wira Tamtama", "jenis": "hospital", "osm_id": 562415481, "kecamatan": "Semarang Selatan"}}, {"type": "Feature", "geometry": {"type": "Point", "coordinates": [110.40506, -6.99237]}, "properties": {"nama": "Rumah Sakit Ibu Anak Anugerah", "jenis": "hospital", "osm_id": 562415487, "kecamatan": "Semarang Selatan"}}, {"type": "Feature", "geometry": {"type": "Point", "coordinates": [110.41359, -6.97282]}, "properties": {"nama": "Posyandu Lansia Condro Wulan", "jenis": "clinic", "osm_id": 562628572, "kecamatan": "Semarang Utara"}}, {"type": "Feature", "geometry": {"type": "Point", "coordinates": [110.39256, -6.98429]}, "properties": {"nama": "Puskemas Karangayu", "jenis": "clinic", "osm_id": 562642046, "kecamatan": "Semarang Barat"}}, {"type": "Feature", "geometry": {"type": "Point", "coordinates": [110.39467, -6.97704]}, "properties": {"nama": "Posyandu Melati", "jenis": "clinic", "osm_id": 563181881, "kecamatan": "Semarang Barat"}}, {"type": "Feature", "geometry": {"type": "Point", "coordinates": [110.40107, -6.98044]}, "properties": {"nama": "Klinik Mardi Mulya", "jenis": "clinic", "osm_id": 563188451, "kecamatan": "Semarang Barat"}}, {"type": "Feature", "geometry": {"type": "Point", "coordinates": [110.41731, -7.00855]}, "properties": {"nama": "Puskesmas Kagok", "jenis": "clinic", "osm_id": 563239477, "kecamatan": "Candisari"}}, {"type": "Feature", "geometry": {"type": "Point", "coordinates": [110.44921, -7.00387]}, "properties": {"nama": "Posyandu Aji Kencana RW I", "jenis": "clinic", "osm_id": 563304712, "kecamatan": "Gayamsari"}}, {"type": "Feature", "geometry": {"type": "Point", "coordinates": [110.40501, -6.99718]}, "properties": {"nama": "Rumah Sakit Umum William Booth", "jenis": "hospital", "osm_id": 563309776, "kecamatan": "Gajahmungkur"}}, {"type": "Feature", "geometry": {"type": "Point", "coordinates": [110.29677, -7.00129]}, "properties": {"nama": "Puskesmas Pembantu Podorejo", "jenis": "clinic", "osm_id": 563519651, "kecamatan": "Ngaliyan"}}, {"type": "Feature", "geometry": {"type": "Point", "coordinates": [110.4499, -6.99204]}, "properties": {"nama": "Posyandu Melati", "jenis": "clinic", "osm_id": 563523472, "kecamatan": "Gayamsari"}}, {"type": "Feature", "geometry": {"type": "Point", "coordinates": [110.44659, -7.00026]}, "properties": {"nama": "Rumah Sakit Bhayangkara", "jenis": "hospital", "osm_id": 563523487, "kecamatan": "Gayamsari"}}, {"type": "Feature", "geometry": {"type": "Point", "coordinates": [110.43999, -6.97556]}, "properties": {"nama": "Posyandu Belia Mandiri", "jenis": "clinic", "osm_id": 563575163, "kecamatan": "Semarang Timur"}}, {"type": "Feature", "geometry": {"type": "Point", "coordinates": [110.43564, -6.9761]}, "properties": {"nama": "RS Ibu dan Anak Kusuma Pradja", "jenis": "hospital", "osm_id": 564178325, "kecamatan": "Semarang Timur"}}, {"type": "Feature", "geometry": {"type": "Point", "coordinates": [110.44594, -6.97346]}, "properties": {"nama": "Posyandu Lestari", "jenis": "clinic", "osm_id": 564178655, "kecamatan": "Gayamsari"}}, {"type": "Feature", "geometry": {"type": "Point", "coordinates": [110.44735, -7.00513]}, "properties": {"nama": "Puskesmas Lamper Tengah", "jenis": "clinic", "osm_id": 564211593, "kecamatan": "Semarang Selatan"}}, {"type": "Feature", "geometry": {"type": "Point", "coordinates": [110.43992, -6.96542]}, "properties": {"nama": "Posyandu", "jenis": "clinic", "osm_id": 564582240, "kecamatan": "Semarang Timur"}}, {"type": "Feature", "geometry": {"type": "Point", "coordinates": [110.43705, -6.97397]}, "properties": {"nama": "Posyandu Aster", "jenis": "clinic", "osm_id": 564915146, "kecamatan": "Semarang Timur"}}, {"type": "Feature", "geometry": {"type": "Point", "coordinates": [110.43495, -6.97299]}, "properties": {"nama": "Rumah Sakit Panti Wilasa", "jenis": "hospital", "osm_id": 564915182, "kecamatan": "Semarang Timur"}}, {"type": "Feature", "geometry": {"type": "Point", "coordinates": [110.41965, -7.0076]}, "properties": {"nama": "RS St.Elisabeth Semarang", "jenis": "hospital", "osm_id": 564994060, "kecamatan": "Candisari"}}, {"type": "Feature", "geometry": {"type": "Point", "coordinates": [110.42613, -7.00579]}, "properties": {"nama": "Posyandu Sakura", "jenis": "clinic", "osm_id": 564994164, "kecamatan": "Candisari"}}, {"type": "Feature", "geometry": {"type": "Point", "coordinates": [110.42023, -6.99817]}, "properties": {"nama": "Yakes-Telkom", "jenis": "clinic", "osm_id": 565022974, "kecamatan": null}}, {"type": "Feature", "geometry": {"type": "Point", "coordinates": [110.42474, -7.07031]}, "properties": {"nama": "Klinik dan Laboratorium Nurul Salaf", "jenis": "clinic", "osm_id": 565271562, "kecamatan": "Banyumanik"}}, {"type": "Feature", "geometry": {"type": "Point", "coordinates": [110.44654, -6.97205]}, "properties": {"nama": "Posyandu Kuncup Mekar", "jenis": "clinic", "osm_id": 565282099, "kecamatan": "Gayamsari"}}, {"type": "Feature", "geometry": {"type": "Point", "coordinates": [110.4334, -7.05469]}, "properties": {"nama": "Klinik Pratama Diponegoro I", "jenis": "clinic", "osm_id": 565608574, "kecamatan": "Tembalang"}}, {"type": "Feature", "geometry": {"type": "Point", "coordinates": [110.41597, -6.96468]}, "properties": {"nama": "Balai Penyuluhan KB", "jenis": "clinic", "osm_id": 565630596, "kecamatan": "Semarang Utara"}}, {"type": "Feature", "geometry": {"type": "Point", "coordinates": [110.42826, -7.00105]}, "properties": {"nama": "Rumah Sakit Roemani Muhammadiyah", "jenis": "hospital", "osm_id": 565664900, "kecamatan": "Semarang Selatan"}}, {"type": "Feature", "geometry": {"type": "Point", "coordinates": [110.29445, -6.97734]}, "properties": {"nama": "Posyandu Jati Asih III", "jenis": "clinic", "osm_id": 565693591, "kecamatan": "Ngaliyan"}}, {"type": "Feature", "geometry": {"type": "Point", "coordinates": [110.42094, -7.04564]}, "properties": {"nama": "Klinik Kita", "jenis": "clinic", "osm_id": 565719236, "kecamatan": "Banyumanik"}}, {"type": "Feature", "geometry": {"type": "Point", "coordinates": [110.43979, -6.96994]}, "properties": {"nama": "Rumah Sakit Panti Wilasa Citarum", "jenis": "hospital", "osm_id": 567236108, "kecamatan": "Semarang Timur"}}, {"type": "Feature", "geometry": {"type": "Point", "coordinates": [110.40606, -6.95815]}, "properties": {"nama": "Posyandu Bhakti Pertiwi", "jenis": "clinic", "osm_id": 567237524, "kecamatan": "Semarang Utara"}}, {"type": "Feature", "geometry": {"type": "Point", "coordinates": [110.43669, -6.96664]}, "properties": {"nama": "Posyandu Melati Putih", "jenis": "clinic", "osm_id": 567244671, "kecamatan": "Semarang Timur"}}, {"type": "Feature", "geometry": {"type": "Point", "coordinates": [110.373, -7.02955]}, "properties": {"nama": "Puskesmas Pembantu Sadeng", "jenis": "clinic", "osm_id": 567631670, "kecamatan": "Gunungpati"}}, {"type": "Feature", "geometry": {"type": "Point", "coordinates": [110.41637, -6.95855]}, "properties": {"nama": "Posyandu Tunas Melati RW 03", "jenis": "clinic", "osm_id": 568040852, "kecamatan": "Semarang Utara"}}, {"type": "Feature", "geometry": {"type": "Point", "coordinates": [110.41122, -7.05538]}, "properties": {"nama": "Poliklinik", "jenis": "clinic", "osm_id": 568109319, "kecamatan": "Banyumanik"}}, {"type": "Feature", "geometry": {"type": "Point", "coordinates": [110.39422, -7.07896]}, "properties": {"nama": "Posyandu Nusa Indah", "jenis": "clinic", "osm_id": 569173704, "kecamatan": "Gunungpati"}}, {"type": "Feature", "geometry": {"type": "Point", "coordinates": [110.35705, -7.0911]}, "properties": {"nama": "Klinik Pratama Khasanah Medika", "jenis": "clinic", "osm_id": 569497519, "kecamatan": "Gunungpati"}}, {"type": "Feature", "geometry": {"type": "Point", "coordinates": [110.37953, -7.07694]}, "properties": {"nama": "Klinik Pratama Namira", "jenis": "clinic", "osm_id": 569503344, "kecamatan": "Gunungpati"}}, {"type": "Feature", "geometry": {"type": "Point", "coordinates": [110.47024, -6.95197]}, "properties": {"nama": "Posyandu", "jenis": "clinic", "osm_id": 569515163, "kecamatan": "Genuk"}}, {"type": "Feature", "geometry": {"type": "Point", "coordinates": [110.48123, -6.9771]}, "properties": {"nama": "Klinik Utama Puri Asih", "jenis": "clinic", "osm_id": 569567541, "kecamatan": "Genuk"}}, {"type": "Feature", "geometry": {"type": "Point", "coordinates": [110.38552, -7.10494]}, "properties": {"nama": "Posyandu Kenanga", "jenis": "clinic", "osm_id": 569812172, "kecamatan": "Gunungpati"}}, {"type": "Feature", "geometry": {"type": "Point", "coordinates": [110.38847, -7.0145]}, "properties": {"nama": "Posyandu Sapta Husada Bakti", "jenis": "clinic", "osm_id": 569822325, "kecamatan": "Gajahmungkur"}}, {"type": "Feature", "geometry": {"type": "Point", "coordinates": [110.38716, -7.10364]}, "properties": {"nama": "Puskesmas Pembantu Sumurejo", "jenis": "clinic", "osm_id": 569835928, "kecamatan": "Gunungpati"}}, {"type": "Feature", "geometry": {"type": "Point", "coordinates": [110.39311, -7.10711]}, "properties": {"nama": "Posyandu Lansia Delima", "jenis": "clinic", "osm_id": 569882533, "kecamatan": "Gunungpati"}}, {"type": "Feature", "geometry": {"type": "Point", "coordinates": [110.4141, -7.05884]}, "properties": {"nama": "Puskesmas Srondol", "jenis": "clinic", "osm_id": 569907141, "kecamatan": "Banyumanik"}}, {"type": "Feature", "geometry": {"type": "Point", "coordinates": [110.46936, -6.96276]}, "properties": {"nama": "Puskesmas Pembantu Gebangsari", "jenis": "clinic", "osm_id": 570128060, "kecamatan": "Genuk"}}, {"type": "Feature", "geometry": {"type": "Point", "coordinates": [110.38882, -7.075]}, "properties": {"nama": "Posyandu", "jenis": "clinic", "osm_id": 570131910, "kecamatan": "Gunungpati"}}, {"type": "Feature", "geometry": {"type": "Point", "coordinates": [110.38786, -7.07844]}, "properties": {"nama": "Puskesmas Pembantu Patemon", "jenis": "clinic", "osm_id": 570132293, "kecamatan": "Gunungpati"}}, {"type": "Feature", "geometry": {"type": "Point", "coordinates": [110.43167, -7.0133]}, "properties": {"nama": "Puskesmas Candi Lama", "jenis": "clinic", "osm_id": 570227434, "kecamatan": "Candisari"}}, {"type": "Feature", "geometry": {"type": "Point", "coordinates": [110.47843, -6.96217]}, "properties": {"nama": "Klinik Permata Dyah Medika 1", "jenis": "clinic", "osm_id": 570869475, "kecamatan": "Genuk"}}, {"type": "Feature", "geometry": {"type": "Point", "coordinates": [110.45534, -7.00701]}, "properties": {"nama": "Klinik Mitra Husada", "jenis": "clinic", "osm_id": 570887768, "kecamatan": "Pedurungan"}}, {"type": "Feature", "geometry": {"type": "Point", "coordinates": [110.45149, -7.00563]}, "properties": {"nama": "Posyandu Alamanda", "jenis": "clinic", "osm_id": 570902809, "kecamatan": "Pedurungan"}}, {"type": "Feature", "geometry": {"type": "Point", "coordinates": [110.48312, -6.97336]}, "properties": {"nama": "Posyandu Dahlia", "jenis": "clinic", "osm_id": 571545444, "kecamatan": "Genuk"}}, {"type": "Feature", "geometry": {"type": "Point", "coordinates": [110.41963, -7.08527]}, "properties": {"nama": "Klinik Umum Mitra Sehat 1", "jenis": "clinic", "osm_id": 571562963, "kecamatan": "Banyumanik"}}, {"type": "Feature", "geometry": {"type": "Point", "coordinates": [110.47321, -6.99704]}, "properties": {"nama": "Klinik Rawat Inap dan Rawat Jalan Esensia", "jenis": "clinic", "osm_id": 571853589, "kecamatan": "Pedurungan"}}, {"type": "Feature", "geometry": {"type": "Point", "coordinates": [110.4806, -6.95494]}, "properties": {"nama": "Klinik Asy Syfa", "jenis": "clinic", "osm_id": 571863481, "kecamatan": "Genuk"}}, {"type": "Feature", "geometry": {"type": "Point", "coordinates": [110.4788, -6.95871]}, "properties": {"nama": "Posyandu Lestari", "jenis": "clinic", "osm_id": 571865433, "kecamatan": "Genuk"}}, {"type": "Feature", "geometry": {"type": "Point", "coordinates": [110.33155, -6.97962]}, "properties": {"nama": "Posyandu RW 11", "jenis": "clinic", "osm_id": 572003422, "kecamatan": "Ngaliyan"}}, {"type": "Feature", "geometry": {"type": "Point", "coordinates": [110.4787, -6.95655]}, "properties": {"nama": "Klinik Pratama Sejahtera", "jenis": "clinic", "osm_id": 572967862, "kecamatan": "Genuk"}}, {"type": "Feature", "geometry": {"type": "Point", "coordinates": [110.38344, -6.98743]}, "properties": {"nama": "Balai Kesehatan Pangkalan TNI AL Semarang", "jenis": "clinic", "osm_id": 573035958, "kecamatan": "Semarang Barat"}}, {"type": "Feature", "geometry": {"type": "Point", "coordinates": [110.44363, -7.04758]}, "properties": {"nama": "Rumah Sakit Nasional Diponegoro", "jenis": "hospital", "osm_id": 573422707, "kecamatan": "Tembalang"}}, {"type": "Feature", "geometry": {"type": "Point", "coordinates": [110.45677, -6.99755]}, "properties": {"nama": "Posyandu RW III Melati", "jenis": "clinic", "osm_id": 573817494, "kecamatan": "Pedurungan"}}, {"type": "Feature", "geometry": {"type": "Point", "coordinates": [110.38116, -6.98776]}, "properties": {"nama": "Posyandu Sedap Malam", "jenis": "clinic", "osm_id": 573849824, "kecamatan": "Semarang Barat"}}, {"type": "Feature", "geometry": {"type": "Point", "coordinates": [110.46556, -7.01017]}, "properties": {"nama": "Posyandu Cempaka", "jenis": "clinic", "osm_id": 573904322, "kecamatan": "Pedurungan"}}, {"type": "Feature", "geometry": {"type": "Point", "coordinates": [110.31866, -6.97572]}, "properties": {"nama": "Klinik Lina Medika", "jenis": "clinic", "osm_id": 574274552, "kecamatan": "Ngaliyan"}}, {"type": "Feature", "geometry": {"type": "Point", "coordinates": [110.45334, -7.01363]}, "properties": {"nama": "Puskesmas Pembantu Sendangguwo", "jenis": "clinic", "osm_id": 574332440, "kecamatan": "Tembalang"}}, {"type": "Feature", "geometry": {"type": "Point", "coordinates": [110.47197, -7.01121]}, "properties": {"nama": "Klinik Afiat", "jenis": "clinic", "osm_id": 574387220, "kecamatan": "Pedurungan"}}, {"type": "Feature", "geometry": {"type": "Point", "coordinates": [110.47463, -6.97008]}, "properties": {"nama": "Posyandu Sekar Sari", "jenis": "clinic", "osm_id": 575486018, "kecamatan": "Genuk"}}, {"type": "Feature", "geometry": {"type": "Point", "coordinates": [110.40713, -7.07637]}, "properties": {"nama": "Klinik Pratama Bangun Medika", "jenis": "clinic", "osm_id": 575509114, "kecamatan": "Banyumanik"}}, {"type": "Feature", "geometry": {"type": "Point", "coordinates": [110.46317, -7.01019]}, "properties": {"nama": "Rumah Sakit Jiwa Dr Amino Gondhoutomo", "jenis": "hospital", "osm_id": 576141465, "kecamatan": "Pedurungan"}}, {"type": "Feature", "geometry": {"type": "Point", "coordinates": [110.46155, -6.95481]}, "properties": {"nama": "RSI Sultan Agung", "jenis": "hospital", "osm_id": 576146819, "kecamatan": "Genuk"}}, {"type": "Feature", "geometry": {"type": "Point", "coordinates": [110.41439, -7.09128]}, "properties": {"nama": "Puskesmas Pudak Payung", "jenis": "clinic", "osm_id": 576240217, "kecamatan": "Banyumanik"}}, {"type": "Feature", "geometry": {"type": "Point", "coordinates": [110.47847, -7.02187]}, "properties": {"nama": "Puskesmas Pembantu Pedurungan Kidul", "jenis": "clinic", "osm_id": 576256837, "kecamatan": "Pedurungan"}}, {"type": "Feature", "geometry": {"type": "Point", "coordinates": [110.41236, -7.06604]}, "properties": {"nama": "Klinik Pratama Kusuma Medika", "jenis": "clinic", "osm_id": 576540340, "kecamatan": "Banyumanik"}}, {"type": "Feature", "geometry": {"type": "Point", "coordinates": [110.41227, -7.06853]}, "properties": {"nama": "Poliklinik Satbrimob", "jenis": "clinic", "osm_id": 576599312, "kecamatan": "Banyumanik"}}, {"type": "Feature", "geometry": {"type": "Point", "coordinates": [110.41172, -7.07277]}, "properties": {"nama": "Rumah Sakit Hermina Banyumanik", "jenis": "hospital", "osm_id": 576599492, "kecamatan": "Banyumanik"}}, {"type": "Feature", "geometry": {"type": "Point", "coordinates": [110.43091, -6.99105]}, "properties": {"nama": "Klinik Mitra", "jenis": "clinic", "osm_id": 576874196, "kecamatan": "Semarang Tengah"}}, {"type": "Feature", "geometry": {"type": "Point", "coordinates": [110.33929, -7.0946]}, "properties": {"nama": "Posyandu Melati", "jenis": "clinic", "osm_id": 576990393, "kecamatan": "Mijen"}}, {"type": "Feature", "geometry": {"type": "Point", "coordinates": [110.34023, -7.08583]}, "properties": {"nama": "Posyandu Melati", "jenis": "clinic", "osm_id": 576990411, "kecamatan": "Mijen"}}, {"type": "Feature", "geometry": {"type": "Point", "coordinates": [110.48793, -7.00694]}, "properties": {"nama": "Posyandu Eka Sejahtera RW V", "jenis": "clinic", "osm_id": 577087319, "kecamatan": "Pedurungan"}}, {"type": "Feature", "geometry": {"type": "Point", "coordinates": [110.47695, -7.01058]}, "properties": {"nama": "Posyandu Mardi Lestari RW I", "jenis": "clinic", "osm_id": 577087326, "kecamatan": "Pedurungan"}}, {"type": "Feature", "geometry": {"type": "Point", "coordinates": [110.33408, -7.09428]}, "properties": {"nama": "Puskesmas Karangmalang", "jenis": "clinic", "osm_id": 578353806, "kecamatan": "Mijen"}}, {"type": "Feature", "geometry": {"type": "Point", "coordinates": [110.4739, -6.97349]}, "properties": {"nama": "Posyandu Mawar", "jenis": "clinic", "osm_id": 578793424, "kecamatan": "Genuk"}}, {"type": "Feature", "geometry": {"type": "Point", "coordinates": [110.31634, -7.06845]}, "properties": {"nama": "Rumah Sakit Amanda", "jenis": "hospital", "osm_id": 579157522, "kecamatan": "Mijen"}}, {"type": "Feature", "geometry": {"type": "Point", "coordinates": [110.31218, -7.08608]}, "properties": {"nama": "Posyandu Rahayu", "jenis": "clinic", "osm_id": 579168980, "kecamatan": "Mijen"}}, {"type": "Feature", "geometry": {"type": "Point", "coordinates": [110.46594, -7.03391]}, "properties": {"nama": "Rumah Sakit Umum Daerah K.R.M.T. Wongsenogoro", "jenis": "hospital", "osm_id": 579197116, "kecamatan": "Tembalang"}}, {"type": "Feature", "geometry": {"type": "Point", "coordinates": [110.46996, -7.00541]}, "properties": {"nama": "Klinik Arteri", "jenis": "clinic", "osm_id": 579442247, "kecamatan": "Pedurungan"}}, {"type": "Feature", "geometry": {"type": "Point", "coordinates": [110.46674, -7.00289]}, "properties": {"nama": "Posyandu Mekar Sari RW XI", "jenis": "clinic", "osm_id": 579442252, "kecamatan": "Pedurungan"}}, {"type": "Feature", "geometry": {"type": "Point", "coordinates": [110.39543, -7.06445]}, "properties": {"nama": "Klinik Pratama Assyifa", "jenis": "clinic", "osm_id": 579460252, "kecamatan": "Gunungpati"}}, {"type": "Feature", "geometry": {"type": "Point", "coordinates": [110.47048, -7.00667]}, "properties": {"nama": "Posyandu Harapan Bunda RW II", "jenis": "clinic", "osm_id": 579462501, "kecamatan": "Pedurungan"}}, {"type": "Feature", "geometry": {"type": "Point", "coordinates": [110.46827, -6.96437]}, "properties": {"nama": "Posyandu Cempaka", "jenis": "clinic", "osm_id": 579472506, "kecamatan": "Genuk"}}, {"type": "Feature", "geometry": {"type": "Point", "coordinates": [110.46991, -6.99658]}, "properties": {"nama": "Posyandu Zamrud", "jenis": "clinic", "osm_id": 579479602, "kecamatan": "Pedurungan"}}, {"type": "Feature", "geometry": {"type": "Point", "coordinates": [110.33533, -7.06319]}, "properties": {"nama": "Puskesmas Pembantu Jatibarang", "jenis": "clinic", "osm_id": 579487532, "kecamatan": "Mijen"}}, {"type": "Feature", "geometry": {"type": "Point", "coordinates": [110.47019, -7.0046]}, "properties": {"nama": "Klinik PHC Pedurungan Semarang", "jenis": "clinic", "osm_id": 579499774, "kecamatan": "Pedurungan"}}, {"type": "Feature", "geometry": {"type": "Point", "coordinates": [110.48632, -7.02433]}, "properties": {"nama": "Puskesmas Pembantu Plamongansari", "jenis": "clinic", "osm_id": 580375071, "kecamatan": "Pedurungan"}}, {"type": "Feature", "geometry": {"type": "Point", "coordinates": [110.31451, -7.03226]}, "properties": {"nama": "Posyandu Lestari 2", "jenis": "clinic", "osm_id": 580698953, "kecamatan": "Mijen"}}, {"type": "Feature", "geometry": {"type": "Point", "coordinates": [110.29785, -6.97201]}, "properties": {"nama": "Puskesmas Mangkang", "jenis": "clinic", "osm_id": 580708384, "kecamatan": "Tugu"}}, {"type": "Feature", "geometry": {"type": "Point", "coordinates": [110.41649, -7.06378]}, "properties": {"nama": "Rumah Sakit Banyumanik", "jenis": "hospital", "osm_id": 580708912, "kecamatan": "Banyumanik"}}, {"type": "Feature", "geometry": {"type": "Point", "coordinates": [110.46027, -7.02598]}, "properties": {"nama": "Puskesmas Kedungmundu", "jenis": "clinic", "osm_id": 580743280, "kecamatan": "Tembalang"}}, {"type": "Feature", "geometry": {"type": "Point", "coordinates": [110.33507, -7.07]}, "properties": {"nama": "Posyandu Mekarsari", "jenis": "clinic", "osm_id": 580743968, "kecamatan": "Mijen"}}, {"type": "Feature", "geometry": {"type": "Point", "coordinates": [110.29991, -6.9674]}, "properties": {"nama": "Posyandu Anggrek", "jenis": "clinic", "osm_id": 580756863, "kecamatan": "Tugu"}}, {"type": "Feature", "geometry": {"type": "Point", "coordinates": [110.29995, -6.96618]}, "properties": {"nama": "Posyandu Sedap Malam", "jenis": "clinic", "osm_id": 580756880, "kecamatan": "Tugu"}}, {"type": "Feature", "geometry": {"type": "Point", "coordinates": [110.35581, -6.98634]}, "properties": {"nama": "Klinik Afiyah", "jenis": "clinic", "osm_id": 580785929, "kecamatan": "Ngaliyan"}}, {"type": "Feature", "geometry": {"type": "Point", "coordinates": [110.35489, -6.98935]}, "properties": {"nama": "Posyandu Segarini II", "jenis": "clinic", "osm_id": 580792015, "kecamatan": "Ngaliyan"}}, {"type": "Feature", "geometry": {"type": "Point", "coordinates": [110.35731, -6.98768]}, "properties": {"nama": "Posyandu Margo Utomo I", "jenis": "clinic", "osm_id": 580792338, "kecamatan": "Ngaliyan"}}, {"type": "Feature", "geometry": {"type": "Point", "coordinates": [110.35654, -6.9866]}, "properties": {"nama": "Posyandu Margo Utomo II", "jenis": "clinic", "osm_id": 580792735, "kecamatan": "Ngaliyan"}}, {"type": "Feature", "geometry": {"type": "Point", "coordinates": [110.41925, -7.0685]}, "properties": {"nama": "Posyandu Bina Balita", "jenis": "clinic", "osm_id": 581048336, "kecamatan": "Banyumanik"}}, {"type": "Feature", "geometry": {"type": "Point", "coordinates": [110.42171, -7.07042]}, "properties": {"nama": "Puskesmas Padangsari", "jenis": "clinic", "osm_id": 581048644, "kecamatan": "Banyumanik"}}, {"type": "Feature", "geometry": {"type": "Point", "coordinates": [110.41823, -7.06944]}, "properties": {"nama": "Klinik Kimia Farma", "jenis": "clinic", "osm_id": 581048868, "kecamatan": "Banyumanik"}}, {"type": "Feature", "geometry": {"type": "Point", "coordinates": [110.48545, -7.02358]}, "properties": {"nama": "Posyandu Cempaka", "jenis": "clinic", "osm_id": 581077024, "kecamatan": "Pedurungan"}}, {"type": "Feature", "geometry": {"type": "Point", "coordinates": [110.47664, -7.0127]}, "properties": {"nama": "Klinik Siti Chabsah", "jenis": "clinic", "osm_id": 581077292, "kecamatan": "Pedurungan"}}, {"type": "Feature", "geometry": {"type": "Point", "coordinates": [110.47962, -6.95326]}, "properties": {"nama": "Puskesmas Genuk", "jenis": "clinic", "osm_id": 581175351, "kecamatan": "Genuk"}}, {"type": "Feature", "geometry": {"type": "Point", "coordinates": [110.47211, -6.9669]}, "properties": {"nama": "Posyandu Kuncup Melati", "jenis": "clinic", "osm_id": 581194231, "kecamatan": "Genuk"}}, {"type": "Feature", "geometry": {"type": "Point", "coordinates": [110.35358, -7.00232]}, "properties": {"nama": "Posyandu Kartini", "jenis": "clinic", "osm_id": 581533880, "kecamatan": "Ngaliyan"}}, {"type": "Feature", "geometry": {"type": "Point", "coordinates": [110.4574, -6.98089]}, "properties": {"nama": "Puskesmas Tlogosari Kulon", "jenis": "clinic", "osm_id": 581776458, "kecamatan": "Pedurungan"}}, {"type": "Feature", "geometry": {"type": "Point", "coordinates": [110.45916, -6.98]}, "properties": {"nama": "Posyandu Mawar RW XI", "jenis": "clinic", "osm_id": 581776480, "kecamatan": "Pedurungan"}}, {"type": "Feature", "geometry": {"type": "Point", "coordinates": [110.45791, -6.98818]}, "properties": {"nama": "Posyandu Sari Kusuma", "jenis": "clinic", "osm_id": 581776536, "kecamatan": "Pedurungan"}}, {"type": "Feature", "geometry": {"type": "Point", "coordinates": [110.45301, -6.98239]}, "properties": {"nama": "Klinik Pratama USM Jaya", "jenis": "clinic", "osm_id": 581776593, "kecamatan": "Pedurungan"}}, {"type": "Feature", "geometry": {"type": "Point", "coordinates": [110.40151, -6.99441]}, "properties": {"nama": "Posyandu BKB Wijaya Kusuma RW VII", "jenis": "clinic", "osm_id": 581814034, "kecamatan": "Semarang Barat"}}, {"type": "Feature", "geometry": {"type": "Point", "coordinates": [110.48275, -6.95505]}, "properties": {"nama": "Posyandu Melati I", "jenis": "clinic", "osm_id": 581838012, "kecamatan": "Genuk"}}, {"type": "Feature", "geometry": {"type": "Point", "coordinates": [110.39334, -7.00194]}, "properties": {"nama": "Posyandu Balita & Lansia Estuning Tunggal", "jenis": "clinic", "osm_id": 581838616, "kecamatan": "Semarang Barat"}}, {"type": "Feature", "geometry": {"type": "Point", "coordinates": [110.4621, -6.98106]}, "properties": {"nama": "Posyandu RW XII Puspa Indah", "jenis": "clinic", "osm_id": 581872463, "kecamatan": "Pedurungan"}}, {"type": "Feature", "geometry": {"type": "Point", "coordinates": [110.4644, -6.99673]}, "properties": {"nama": "Puskesmas Tlogosari Wetan", "jenis": "clinic", "osm_id": 581872464, "kecamatan": "Pedurungan"}}, {"type": "Feature", "geometry": {"type": "Point", "coordinates": [110.3474, -6.99795]}, "properties": {"nama": "Puskesmas Ngaliyan", "jenis": "clinic", "osm_id": 581873819, "kecamatan": "Ngaliyan"}}, {"type": "Feature", "geometry": {"type": "Point", "coordinates": [110.34218, -7.00008]}, "properties": {"nama": "Rumah Sakit Permata Medika", "jenis": "hospital", "osm_id": 581873957, "kecamatan": "Ngaliyan"}}, {"type": "Feature", "geometry": {"type": "Point", "coordinates": [110.44558, -7.0604]}, "properties": {"nama": "Puskesmas Pembantu Bulusan", "jenis": "clinic", "osm_id": 582763883, "kecamatan": "Tembalang"}}, {"type": "Feature", "geometry": {"type": "Point", "coordinates": [110.41361, -7.07225]}, "properties": {"nama": "Rumah Gizi", "jenis": "clinic", "osm_id": 582837531, "kecamatan": "Banyumanik"}}, {"type": "Feature", "geometry": {"type": "Point", "coordinates": [110.41791, -7.07264]}, "properties": {"nama": "Posyandu Flamboyan", "jenis": "clinic", "osm_id": 582861205, "kecamatan": "Banyumanik"}}, {"type": "Feature", "geometry": {"type": "Point", "coordinates": [110.41342, -7.06967]}, "properties": {"nama": "Posyandu Mawar", "jenis": "clinic", "osm_id": 582875425, "kecamatan": "Banyumanik"}}, {"type": "Feature", "geometry": {"type": "Point", "coordinates": [110.29992, -7.03934]}, "properties": {"nama": "Puskesmas Pembantu Wonolopo", "jenis": "clinic", "osm_id": 582980161, "kecamatan": "Mijen"}}, {"type": "Feature", "geometry": {"type": "Point", "coordinates": [110.47189, -7.0556]}, "properties": {"nama": "Puskesmas Rowosari", "jenis": "clinic", "osm_id": 583100728, "kecamatan": "Tembalang"}}, {"type": "Feature", "geometry": {"type": "Point", "coordinates": [110.42205, -7.07536]}, "properties": {"nama": "Klinik Pratama Sehati", "jenis": "clinic", "osm_id": 583640019, "kecamatan": "Banyumanik"}}, {"type": "Feature", "geometry": {"type": "Point", "coordinates": [110.42294, -7.07315]}, "properties": {"nama": "Klinik Pratama St Elizabeth", "jenis": "clinic", "osm_id": 583640044, "kecamatan": "Banyumanik"}}, {"type": "Feature", "geometry": {"type": "Point", "coordinates": [110.49512, -6.97168]}, "properties": {"nama": "Puskesmas Pembantu Karangroto", "jenis": "clinic", "osm_id": 583868286, "kecamatan": "Genuk"}}, {"type": "Feature", "geometry": {"type": "Point", "coordinates": [110.3613, -6.98811]}, "properties": {"nama": "Posyandu RT 03 RW 12", "jenis": "clinic", "osm_id": 583914062, "kecamatan": "Ngaliyan"}}, {"type": "Feature", "geometry": {"type": "Point", "coordinates": [110.46902, -6.98485]}, "properties": {"nama": "Posyandu Melati RW II", "jenis": "clinic", "osm_id": 583918861, "kecamatan": "Pedurungan"}}, {"type": "Feature", "geometry": {"type": "Point", "coordinates": [110.47657, -6.98311]}, "properties": {"nama": "Puskesmas Bangetayu Wetan", "jenis": "clinic", "osm_id": 584507956, "kecamatan": "Genuk"}}, {"type": "Feature", "geometry": {"type": "Point", "coordinates": [110.33578, -7.02187]}, "properties": {"nama": "Klinik Pratama Cahaya Bunda", "jenis": "clinic", "osm_id": 584607586, "kecamatan": "Ngaliyan"}}, {"type": "Feature", "geometry": {"type": "Point", "coordinates": [110.31089, -6.96149]}, "properties": {"nama": "Puskesmas Pembantu Mangunharjo", "jenis": "clinic", "osm_id": 585060140, "kecamatan": "Tugu"}}, {"type": "Feature", "geometry": {"type": "Point", "coordinates": [110.42154, -7.07136]}, "properties": {"nama": "Klinik Ratu", "jenis": "clinic", "osm_id": 585588408, "kecamatan": "Banyumanik"}}, {"type": "Feature", "geometry": {"type": "Point", "coordinates": [110.48113, -6.99583]}, "properties": {"nama": "Posyandu Anggrek RW VI", "jenis": "clinic", "osm_id": 585607832, "kecamatan": "Pedurungan"}}, {"type": "Feature", "geometry": {"type": "Point", "coordinates": [110.34413, -6.9897]}, "properties": {"nama": "Posyandu Mawar 3", "jenis": "clinic", "osm_id": 585618926, "kecamatan": "Ngaliyan"}}, {"type": "Feature", "geometry": {"type": "Point", "coordinates": [110.35034, -6.98334]}, "properties": {"nama": "Puskesmas Tambakaji", "jenis": "clinic", "osm_id": 585619008, "kecamatan": null}}, {"type": "Feature", "geometry": {"type": "Point", "coordinates": [110.35558, -6.98478]}, "properties": {"nama": "RSUD D Dr. Adhyatma, MPH", "jenis": "hospital", "osm_id": 585619016, "kecamatan": "Ngaliyan"}}, {"type": "Feature", "geometry": {"type": "Point", "coordinates": [110.48507, -6.98918]}, "properties": {"nama": "Posyandu Buncis", "jenis": "clinic", "osm_id": 585619185, "kecamatan": "Genuk"}}, {"type": "Feature", "geometry": {"type": "Point", "coordinates": [110.42927, -7.05516]}, "properties": {"nama": "Klinik Pratama", "jenis": "clinic", "osm_id": 586456379, "kecamatan": "Banyumanik"}}, {"type": "Feature", "geometry": {"type": "Point", "coordinates": [110.31466, -7.05117]}, "properties": {"nama": "Klinik Pratama Baitul Syifa", "jenis": "clinic", "osm_id": 586552409, "kecamatan": "Mijen"}}, {"type": "Feature", "geometry": {"type": "Point", "coordinates": [110.43487, -7.05851]}, "properties": {"nama": "Klinik Mardi Mulya", "jenis": "clinic", "osm_id": 586561246, "kecamatan": "Tembalang"}}, {"type": "Feature", "geometry": {"type": "Point", "coordinates": [110.46618, -7.0252]}, "properties": {"nama": "Rumah Sakit Gigi dan Mulut UNIMUS", "jenis": "hospital", "osm_id": 587381948, "kecamatan": "Tembalang"}}, {"type": "Feature", "geometry": {"type": "Point", "coordinates": [110.46742, -7.03215]}, "properties": {"nama": "Klinik Manshurin", "jenis": "clinic", "osm_id": 587382009, "kecamatan": "Tembalang"}}, {"type": "Feature", "geometry": {"type": "Point", "coordinates": [110.31858, -7.05265]}, "properties": {"nama": "Pusyandu Mawar Bunda Citra", "jenis": "clinic", "osm_id": 587387264, "kecamatan": "Mijen"}}, {"type": "Feature", "geometry": {"type": "Point", "coordinates": [110.36606, -7.0866]}, "properties": {"nama": "Puskesmas Gunungpati", "jenis": "clinic", "osm_id": 587405560, "kecamatan": "Gunungpati"}}, {"type": "Feature", "geometry": {"type": "Point", "coordinates": [110.42002, -7.06968]}, "properties": {"nama": "Klinik Pratama Ken Waras", "jenis": "clinic", "osm_id": 587406769, "kecamatan": "Banyumanik"}}, {"type": "Feature", "geometry": {"type": "Point", "coordinates": [110.33449, -6.972]}, "properties": {"nama": "Puskesmas Karanganyar", "jenis": "clinic", "osm_id": 587410595, "kecamatan": "Tugu"}}, {"type": "Feature", "geometry": {"type": "Point", "coordinates": [110.35471, -6.98475]}, "properties": {"nama": "Klinik Pratama", "jenis": "clinic", "osm_id": 587438547, "kecamatan": "Ngaliyan"}}, {"type": "Feature", "geometry": {"type": "Point", "coordinates": [110.35093, -6.99152]}, "properties": {"nama": "Posyandu Tulip", "jenis": "clinic", "osm_id": 587438687, "kecamatan": "Ngaliyan"}}, {"type": "Feature", "geometry": {"type": "Point", "coordinates": [110.47914, -7.05014]}, "properties": {"nama": "Posyandu Melati RW 06", "jenis": "clinic", "osm_id": 588275623, "kecamatan": "Tembalang"}}, {"type": "Feature", "geometry": {"type": "Point", "coordinates": [110.47626, -7.04268]}, "properties": {"nama": "Posyandu Melati Indah", "jenis": "clinic", "osm_id": 588301657, "kecamatan": "Tembalang"}}, {"type": "Feature", "geometry": {"type": "Point", "coordinates": [110.30399, -7.042]}, "properties": {"nama": "Posyandu Sakura", "jenis": "clinic", "osm_id": 588606147, "kecamatan": "Mijen"}}, {"type": "Feature", "geometry": {"type": "Point", "coordinates": [110.30726, -7.05903]}, "properties": {"nama": "Posyandu Anggrek II", "jenis": "clinic", "osm_id": 588622688, "kecamatan": "Mijen"}}, {"type": "Feature", "geometry": {"type": "Point", "coordinates": [110.31428, -7.05572]}, "properties": {"nama": "Puskesmas Mijen", "jenis": "clinic", "osm_id": 588622739, "kecamatan": "Mijen"}}, {"type": "Feature", "geometry": {"type": "Point", "coordinates": [110.33424, -6.98588]}, "properties": {"nama": "Posyandu Margo Waluyo", "jenis": "clinic", "osm_id": 588712814, "kecamatan": "Ngaliyan"}}, {"type": "Feature", "geometry": {"type": "Point", "coordinates": [110.42768, -7.03607]}, "properties": {"nama": "Posyandu Kuncup Mekar", "jenis": "clinic", "osm_id": 588861974, "kecamatan": "Banyumanik"}}, {"type": "Feature", "geometry": {"type": "Point", "coordinates": [110.42229, -7.03625]}, "properties": {"nama": "Posyandu Balita-Lansia Kuncup Mekar", "jenis": "clinic", "osm_id": 588862026, "kecamatan": "Banyumanik"}}, {"type": "Feature", "geometry": {"type": "Point", "coordinates": [110.41859, -7.03363]}, "properties": {"nama": "Puskesmas Ngesrep", "jenis": "clinic", "osm_id": 588862177, "kecamatan": "Banyumanik"}}, {"type": "Feature", "geometry": {"type": "Point", "coordinates": [110.34462, -6.97781]}, "properties": {"nama": "Posyandu Melati II", "jenis": "clinic", "osm_id": 588908577, "kecamatan": "Tugu"}}, {"type": "Feature", "geometry": {"type": "Point", "coordinates": [110.33616, -7.00146]}, "properties": {"nama": "Klinik Pratama Permata Sehat", "jenis": "clinic", "osm_id": 588983775, "kecamatan": "Ngaliyan"}}, {"type": "Feature", "geometry": {"type": "Point", "coordinates": [110.33682, -7.05934]}, "properties": {"nama": "Posyandu Bina Warga Sejahtera", "jenis": "clinic", "osm_id": 589124833, "kecamatan": "Mijen"}}, {"type": "Feature", "geometry": {"type": "Point", "coordinates": [110.30011, -6.97279]}, "properties": {"nama": "Posyandu Abadi", "jenis": "clinic", "osm_id": 589137988, "kecamatan": "Tugu"}}, {"type": "Feature", "geometry": {"type": "Point", "coordinates": [110.33719, -7.00395]}, "properties": {"nama": "Posyandu Sedap Malam RW III", "jenis": "clinic", "osm_id": 589142719, "kecamatan": "Ngaliyan"}}, {"type": "Feature", "geometry": {"type": "Point", "coordinates": [110.46378, -6.97601]}, "properties": {"nama": "Posyandu Drajat Indah A RW III", "jenis": "clinic", "osm_id": 589144759, "kecamatan": "Pedurungan"}}, {"type": "Feature", "geometry": {"type": "Point", "coordinates": [110.46001, -7.02544]}, "properties": {"nama": "Klinik Umum Pratama Medika", "jenis": "clinic", "osm_id": 589748027, "kecamatan": "Tembalang"}}, {"type": "Feature", "geometry": {"type": "Point", "coordinates": [110.46056, -6.97267]}, "properties": {"nama": "Posyandu Mekar Lestari Asih", "jenis": "clinic", "osm_id": 589751353, "kecamatan": "Pedurungan"}}, {"type": "Feature", "geometry": {"type": "Point", "coordinates": [110.33508, -7.02314]}, "properties": {"nama": "Posyandu Dahlia III", "jenis": "clinic", "osm_id": 590644032, "kecamatan": "Mijen"}}, {"type": "Feature", "geometry": {"type": "Point", "coordinates": [110.47815, -7.01685]}, "properties": {"nama": "Posyandu Kartika RW V", "jenis": "clinic", "osm_id": 590657878, "kecamatan": "Pedurungan"}}, {"type": "Feature", "geometry": {"type": "Point", "coordinates": [110.48475, -7.01614]}, "properties": {"nama": "Klinik Surya Medika", "jenis": "clinic", "osm_id": 590733895, "kecamatan": "Pedurungan"}}, {"type": "Feature", "geometry": {"type": "Point", "coordinates": [110.3293, -6.99493]}, "properties": {"nama": "Puskesmas Pembantu Bringin", "jenis": "clinic", "osm_id": 590762084, "kecamatan": "Ngaliyan"}}, {"type": "Feature", "geometry": {"type": "Point", "coordinates": [110.40943, -7.06514]}, "properties": {"nama": "Posyandu Mekar Indah", "jenis": "clinic", "osm_id": 590956199, "kecamatan": "Banyumanik"}}, {"type": "Feature", "geometry": {"type": "Point", "coordinates": [110.4345, -7.07321]}, "properties": {"nama": "Posyandu Sakura", "jenis": "clinic", "osm_id": 593995315, "kecamatan": "Banyumanik"}}, {"type": "Feature", "geometry": {"type": "Point", "coordinates": [110.36237, -6.98604]}, "properties": {"nama": "Praktik Dokter F Susana Jerakah", "jenis": "clinic", "osm_id": 594885718, "kecamatan": "Tugu"}}, {"type": "Feature", "geometry": {"type": "Point", "coordinates": [110.47373, -7.04332]}, "properties": {"nama": "Posyandu Dahlia", "jenis": "clinic", "osm_id": 595322733, "kecamatan": "Tembalang"}}, {"type": "Feature", "geometry": {"type": "Point", "coordinates": [110.32678, -6.98698]}, "properties": {"nama": "Posyandu Puspa Lestari II", "jenis": "clinic", "osm_id": 595324412, "kecamatan": "Ngaliyan"}}, {"type": "Feature", "geometry": {"type": "Point", "coordinates": [110.32582, -6.98897]}, "properties": {"nama": "Posyandu Bhakti Ibu II", "jenis": "clinic", "osm_id": 595339114, "kecamatan": "Ngaliyan"}}, {"type": "Feature", "geometry": {"type": "Point", "coordinates": [110.29428, -6.97397]}, "properties": {"nama": "Posyandu Tunas Harapan I", "jenis": "clinic", "osm_id": 595387205, "kecamatan": "Ngaliyan"}}, {"type": "Feature", "geometry": {"type": "Point", "coordinates": [110.4175, -7.07168]}, "properties": {"nama": "Klinik Bina Medika", "jenis": "clinic", "osm_id": 600665790, "kecamatan": "Banyumanik"}}, {"type": "Feature", "geometry": {"type": "Point", "coordinates": [110.36865, -6.9862]}, "properties": {"nama": "Posyandu", "jenis": "clinic", "osm_id": 995657447, "kecamatan": "Semarang Barat"}}, {"type": "Feature", "geometry": {"type": "Point", "coordinates": [110.41451, -7.03325]}, "properties": {"nama": "Dokter Keluarga dr. Anastasia Savitri", "jenis": "doctors", "osm_id": 996253931, "kecamatan": "Banyumanik"}}, {"type": "Feature", "geometry": {"type": "Point", "coordinates": [110.42743, -7.07112]}, "properties": {"nama": "dr. Lucia \"Spesialis Saraf\"", "jenis": "doctors", "osm_id": 997439097, "kecamatan": "Banyumanik"}}, {"type": "Feature", "geometry": {"type": "Point", "coordinates": [110.42697, -6.97245]}, "properties": {"nama": "Posyandu", "jenis": "clinic", "osm_id": 1333704479, "kecamatan": "Semarang Tengah"}}, {"type": "Feature", "geometry": {"type": "Point", "coordinates": [110.42641, -6.97173]}, "properties": {"nama": "Posyandu", "jenis": "clinic", "osm_id": 1333770915, "kecamatan": "Semarang Tengah"}}, {"type": "Feature", "geometry": {"type": "Point", "coordinates": [110.39409, -7.04845]}, "properties": {"nama": "PUSLAKES UNNES", "jenis": "clinic", "osm_id": 1351987334, "kecamatan": "Gunungpati"}}, {"type": "Feature", "geometry": {"type": "Point", "coordinates": [110.47747, -7.04812]}, "properties": {"nama": "Klinik Pratama", "jenis": "clinic", "osm_id": 1409736065, "kecamatan": "Tembalang"}}, {"type": "Feature", "geometry": {"type": "Point", "coordinates": [110.45936, -7.03166]}, "properties": {"nama": "Klinik Pratama Karyo Asih", "jenis": "clinic", "osm_id": 1410344776, "kecamatan": "Tembalang"}}, {"type": "Feature", "geometry": {"type": "Point", "coordinates": [110.44577, -7.06106]}, "properties": {"nama": "Klinik Pratama Mitra Umat", "jenis": "clinic", "osm_id": 1413326573, "kecamatan": "Tembalang"}}, {"type": "Feature", "geometry": {"type": "Point", "coordinates": [110.49217, -6.96255]}, "properties": {"nama": "Klinik Pratama Esti Husada", "jenis": "clinic", "osm_id": 1413565690, "kecamatan": "Genuk"}}, {"type": "Feature", "geometry": {"type": "Point", "coordinates": [110.49466, -7.02598]}, "properties": {"nama": "Klinik Cakra Buana", "jenis": "clinic", "osm_id": 1413858569, "kecamatan": "Pedurungan"}}, {"type": "Feature", "geometry": {"type": "Point", "coordinates": [110.49807, -7.02367]}, "properties": {"nama": "Rumah Sakit Ibu dan Anak Plamongan Indah", "jenis": "hospital", "osm_id": 1413859052, "kecamatan": null}}, {"type": "Feature", "geometry": {"type": "Point", "coordinates": [110.48059, -7.01992]}, "properties": {"nama": "Posyandu Sekar Wangi RW IX", "jenis": "clinic", "osm_id": 1414166926, "kecamatan": "Pedurungan"}}, {"type": "Feature", "geometry": {"type": "Point", "coordinates": [110.48172, -7.00832]}, "properties": {"nama": "Posyandu Arya Putra Sejahtera RW II", "jenis": "clinic", "osm_id": 1416080957, "kecamatan": "Pedurungan"}}, {"type": "Feature", "geometry": {"type": "Point", "coordinates": [110.40164, -6.9623]}, "properties": {"nama": "Posyandu Selo Putro", "jenis": "clinic", "osm_id": 1416301346, "kecamatan": "Semarang Utara"}}, {"type": "Feature", "geometry": {"type": "Point", "coordinates": [110.40784, -6.96293]}, "properties": {"nama": "Klinik Bina Sehat", "jenis": "clinic", "osm_id": 1416350019, "kecamatan": "Semarang Utara"}}, {"type": "Feature", "geometry": {"type": "Point", "coordinates": [110.32881, -6.99729]}, "properties": {"nama": "Posyandu Kelompok Melati", "jenis": "clinic", "osm_id": 1416502827, "kecamatan": "Ngaliyan"}}, {"type": "Feature", "geometry": {"type": "Point", "coordinates": [110.3146, -7.03043]}, "properties": {"nama": "Posyandu Dahlia II", "jenis": "clinic", "osm_id": 1417185283, "kecamatan": "Mijen"}}, {"type": "Feature", "geometry": {"type": "Point", "coordinates": [110.37528, -7.02732]}, "properties": {"nama": "Posyandu Harapan Bangsa", "jenis": "clinic", "osm_id": 1417542286, "kecamatan": "Gunungpati"}}, {"type": "Feature", "geometry": {"type": "Point", "coordinates": [110.46573, -6.96582]}, "properties": {"nama": "Klinik Permata Azura", "jenis": "clinic", "osm_id": 1418077199, "kecamatan": "Genuk"}}, {"type": "Feature", "geometry": {"type": "Point", "coordinates": [110.46809, -6.96741]}, "properties": {"nama": "Posyandu Mawar Mekar", "jenis": "clinic", "osm_id": 1418096139, "kecamatan": "Genuk"}}, {"type": "Feature", "geometry": {"type": "Point", "coordinates": [110.46653, -6.96885]}, "properties": {"nama": "Posyandu Mawar", "jenis": "clinic", "osm_id": 1418099717, "kecamatan": "Genuk"}}, {"type": "Feature", "geometry": {"type": "Point", "coordinates": [110.45894, -6.96647]}, "properties": {"nama": "Puskesmas Pembantu Muktiharjo Lor", "jenis": "clinic", "osm_id": 1418460778, "kecamatan": "Genuk"}}, {"type": "Feature", "geometry": {"type": "Point", "coordinates": [110.47697, -7.00113]}, "properties": {"nama": "Rumah Posyandu RW XII", "jenis": "clinic", "osm_id": 1418857490, "kecamatan": "Pedurungan"}}, {"type": "Feature", "geometry": {"type": "Point", "coordinates": [110.47627, -7.00746]}, "properties": {"nama": "Puskesmas Pembantu Kekancan Mukti", "jenis": "clinic", "osm_id": 1418874108, "kecamatan": "Pedurungan"}}, {"type": "Feature", "geometry": {"type": "Point", "coordinates": [110.44241, -6.9959]}, "properties": {"nama": "Klinik Pratama dan Insan Medika", "jenis": "clinic", "osm_id": 1419178419, "kecamatan": "Gayamsari"}}, {"type": "Feature", "geometry": {"type": "Point", "coordinates": [110.44311, -6.99865]}, "properties": {"nama": "Klinik Asri Medika", "jenis": "clinic", "osm_id": 1419200048, "kecamatan": "Gayamsari"}}, {"type": "Feature", "geometry": {"type": "Point", "coordinates": [110.44259, -6.99271]}, "properties": {"nama": "Poliklinik Umum Nugraha", "jenis": "clinic", "osm_id": 1419226113, "kecamatan": "Gayamsari"}}, {"type": "Feature", "geometry": {"type": "Point", "coordinates": [110.44333, -6.98658]}, "properties": {"nama": "Klinik Pratama Sehat Utama", "jenis": "clinic", "osm_id": 1419252406, "kecamatan": "Gayamsari"}}, {"type": "Feature", "geometry": {"type": "Point", "coordinates": [110.44478, -6.9934]}, "properties": {"nama": "Klinik Pratama", "jenis": "clinic", "osm_id": 1419276973, "kecamatan": "Gayamsari"}}, {"type": "Feature", "geometry": {"type": "Point", "coordinates": [110.43912, -6.98811]}, "properties": {"nama": "Klinik Pratama Yehova Shalom", "jenis": "clinic", "osm_id": 1419303032, "kecamatan": "Semarang Timur"}}, {"type": "Feature", "geometry": {"type": "Point", "coordinates": [110.48223, -6.99279]}, "properties": {"nama": "Posyandu Srikandi RW XI", "jenis": "clinic", "osm_id": 1419398845, "kecamatan": "Pedurungan"}}, {"type": "Feature", "geometry": {"type": "Point", "coordinates": [110.47879, -6.98982]}, "properties": {"nama": "Posyandu ICD Melati II", "jenis": "clinic", "osm_id": 1419438355, "kecamatan": "Pedurungan"}}, {"type": "Feature", "geometry": {"type": "Point", "coordinates": [110.4625, -6.98017]}, "properties": {"nama": "Klinik Mulia Husada", "jenis": "clinic", "osm_id": 1419627725, "kecamatan": "Pedurungan"}}, {"type": "Feature", "geometry": {"type": "Point", "coordinates": [110.46277, -6.97922]}, "properties": {"nama": "Posyandu", "jenis": "clinic", "osm_id": 1419646205, "kecamatan": "Pedurungan"}}, {"type": "Feature", "geometry": {"type": "Point", "coordinates": [110.45925, -6.98613]}, "properties": {"nama": "Klinik Budi Raharjo", "jenis": "clinic", "osm_id": 1419995271, "kecamatan": "Pedurungan"}}, {"type": "Feature", "geometry": {"type": "Point", "coordinates": [110.45936, -6.98359]}, "properties": {"nama": "Klinik Cavita Medika", "jenis": "clinic", "osm_id": 1420013289, "kecamatan": "Pedurungan"}}, {"type": "Feature", "geometry": {"type": "Point", "coordinates": [110.46121, -6.98086]}, "properties": {"nama": "Klinik Sumber Waras", "jenis": "clinic", "osm_id": 1420032442, "kecamatan": "Pedurungan"}}, {"type": "Feature", "geometry": {"type": "Point", "coordinates": [110.46286, -6.9814]}, "properties": {"nama": "Posyandu Dahlia", "jenis": "clinic", "osm_id": 1420061309, "kecamatan": "Pedurungan"}}, {"type": "Feature", "geometry": {"type": "Point", "coordinates": [110.46209, -6.98507]}, "properties": {"nama": "Posyandu Sejahtera RW XVIII", "jenis": "clinic", "osm_id": 1420384894, "kecamatan": "Pedurungan"}}, {"type": "Feature", "geometry": {"type": "Point", "coordinates": [110.46259, -6.98894]}, "properties": {"nama": "Posyandu Mekar Mukti RW 23", "jenis": "clinic", "osm_id": 1420384904, "kecamatan": "Pedurungan"}}, {"type": "Feature", "geometry": {"type": "Point", "coordinates": [110.46229, -6.98467]}, "properties": {"nama": "Klinik Pratama Ayem", "jenis": "clinic", "osm_id": 1420392003, "kecamatan": "Pedurungan"}}, {"type": "Feature", "geometry": {"type": "Point", "coordinates": [110.46122, -6.98481]}, "properties": {"nama": "Klinik Pratama Citra Medika", "jenis": "clinic", "osm_id": 1420392748, "kecamatan": "Pedurungan"}}, {"type": "Feature", "geometry": {"type": "Point", "coordinates": [110.46286, -6.99027]}, "properties": {"nama": "Klinik Pratama Aisyiyah", "jenis": "clinic", "osm_id": 1420512808, "kecamatan": "Pedurungan"}}, {"type": "Feature", "geometry": {"type": "Point", "coordinates": [110.44965, -6.96207]}, "properties": {"nama": "Klinik ARS", "jenis": "clinic", "osm_id": 1421009604, "kecamatan": "Gayamsari"}}, {"type": "Feature", "geometry": {"type": "Point", "coordinates": [110.44111, -6.95452]}, "properties": {"nama": "Posyandu Mekar Melati", "jenis": "clinic", "osm_id": 1421276420, "kecamatan": "Semarang Timur"}}, {"type": "Feature", "geometry": {"type": "Point", "coordinates": [110.44086, -6.95354]}, "properties": {"nama": "Posyandu Mawar Merah", "jenis": "clinic", "osm_id": 1421277453, "kecamatan": "Semarang Timur"}}, {"type": "Feature", "geometry": {"type": "Point", "coordinates": [110.44012, -6.9564]}, "properties": {"nama": "Posyandu Dahlia", "jenis": "clinic", "osm_id": 1421296897, "kecamatan": "Semarang Timur"}}, {"type": "Feature", "geometry": {"type": "Point", "coordinates": [110.44262, -6.95604]}, "properties": {"nama": "Posyandu Kuncup Melati", "jenis": "clinic", "osm_id": 1421355414, "kecamatan": "Gayamsari"}}, {"type": "Feature", "geometry": {"type": "Point", "coordinates": [110.44435, -6.95695]}, "properties": {"nama": "Posyandu Mekarsari RW IV", "jenis": "clinic", "osm_id": 1421390856, "kecamatan": "Gayamsari"}}, {"type": "Feature", "geometry": {"type": "Point", "coordinates": [110.44352, -6.95837]}, "properties": {"nama": "Posyandu Mekar Jaya", "jenis": "clinic", "osm_id": 1421392050, "kecamatan": "Gayamsari"}}, {"type": "Feature", "geometry": {"type": "Point", "coordinates": [110.33382, -7.01589]}, "properties": {"nama": "Posyandu Cempaka III", "jenis": "clinic", "osm_id": 1421831233, "kecamatan": "Ngaliyan"}}, {"type": "Feature", "geometry": {"type": "Point", "coordinates": [110.32755, -6.99249]}, "properties": {"nama": "Posyandu Flamboyan", "jenis": "clinic", "osm_id": 1422134569, "kecamatan": "Ngaliyan"}}, {"type": "Feature", "geometry": {"type": "Point", "coordinates": [110.3233, -6.99094]}, "properties": {"nama": "Posyandu Bhakti Ibu I", "jenis": "clinic", "osm_id": 1422241607, "kecamatan": "Ngaliyan"}}, {"type": "Feature", "geometry": {"type": "Point", "coordinates": [110.38242, -6.98372]}, "properties": {"nama": "RSKB Columbia Asia", "jenis": "hospital", "osm_id": 1428458233, "kecamatan": "Semarang Barat"}}, {"type": "Feature", "geometry": {"type": "Point", "coordinates": [110.42328, -6.95633]}, "properties": {"nama": "Poliklinik Tanjung Mas", "jenis": "clinic", "osm_id": 1430916343, "kecamatan": "Semarang Utara"}}, {"type": "Feature", "geometry": {"type": "Point", "coordinates": [110.42662, -6.98747]}, "properties": {"nama": "SMC Rumah Sakit Telogorejo", "jenis": "hospital", "osm_id": 1455763488, "kecamatan": "Semarang Tengah"}}, {"type": "Feature", "geometry": {"type": "Point", "coordinates": [110.39775, -6.98792]}, "properties": {"nama": "Soegijopranoto Klinik", "jenis": "clinic", "osm_id": 8019960, "kecamatan": "Semarang Barat"}}]}